id#;weapon_name;display_name;bonus;2h;res;dmg;att;def;lgt;rng;shots;#att;ap;an;nostr;mres;aoe;2nd_effect;effauto;dt_p;dt_s;dt_b;fire;cold;poison;shock;acid;magic;dt_norm;dt_spc;dt_cap;dt_stun;sizeres;dt_fear;dt_str;dt_paralyze;dt_poison;dt_demon;dt_holy;dt_magic;dt_small;dt_large;dt_slave;dt_constr;dt_constronly;dt_undeadonly;dt_demononly;dt_demonundead;dt_magiconly;dt_sacred;mind;flail;charge;onestrike;norepel;unrepel;drain;partdrain;uwranged;dt_raise;planeshift;swallow;spc_dmg;other;x;flyspr;animlength
0;Nothing;Nothing (0);0;0;0;0;0;0;0;;;0;0;0;1;0;0;0;0;;;;0;0;0;0;;0;0;0;0;0;;;;0;0;0;0;0;0;0;0;0;;;;;0;;0;0;0;0;;;0;0;;;;;;;;;
1;Spear;Spear (1);0;0;1;3;0;0;4;;;1;0;0;0;0;0;0;0;1;;;0;0;0;0;;0;1;0;0;0;;;;0;0;0;0;0;0;0;0;0;;;;;0;;0;0;0;0;;;0;0;;;;;;;;;
2;Pike;Pike (2);0;1;2;5;0;-1;6;;;1;0;0;0;0;0;0;0;1;;;0;0;0;0;;0;1;0;0;0;;;;0;0;0;0;0;0;0;0;0;;;;;0;;0;0;0;0;;;0;0;;;;;;;;;
3;Trident;Trident (3);0;0;2;7;0;0;4;;;1;0;0;0;0;0;0;0;1;;;0;0;0;0;;0;1;0;0;0;;;;0;0;0;0;0;0;0;0;0;;;;;0;;0;0;0;0;;;0;0;;;;;;;;;
4;Lance;Lance (4);1;0;2;6;1;0;4;;;1;0;0;0;0;0;0;0;1;;;0;0;0;0;;0;1;0;0;0;;;;0;0;0;0;0;0;0;0;0;;;;;0;;0;0;1;1;1;;0;0;;;;;;;;;
5;Halberd;Halberd (5);0;1;4;10;-1;1;4;;;1;0;0;0;0;0;0;0;1;1;;0;0;0;0;;0;1;0;0;0;;;;0;0;0;0;0;0;0;0;0;;;;;0;;0;0;0;0;;;0;0;;;;;;;;;
6;Short Sword;Short Sword (6);0;0;2;5;0;2;1;;;1;0;0;0;0;0;0;0;1;1;;0;0;0;0;;0;1;0;0;0;;;;0;0;0;0;0;0;0;0;0;;;;;0;;0;0;0;0;;;0;0;;;;;;;;;
7;Quarterstaff;Quarterstaff (7);0;1;0;3;1;3;4;;;1;0;0;0;0;0;0;0;;;1;0;0;0;0;;0;1;0;0;0;;;;0;0;0;0;0;0;0;0;0;;;;;0;;0;0;0;0;;;0;0;;;;;;;;;
8;Broad Sword;Broad Sword (8);0;0;3;6;0;1;2;;;1;0;0;0;0;0;0;0;;1;;0;0;0;0;;0;1;0;0;0;;;;0;0;0;0;0;0;0;0;0;;;;;0;;0;0;0;0;;;0;0;;;;;;;;;
9;Dagger;Dagger (9);0;0;0;2;1;0;0;;;1;0;0;0;0;0;0;0;1;;;0;0;0;0;;0;1;0;0;0;;;;0;0;0;0;0;0;0;0;0;;;;;0;;0;0;0;0;;;0;0;;;;;;;;;
10;Falchion;Falchion (10);0;0;4;7;0;0;2;;;1;0;0;0;0;0;0;0;;1;;0;0;0;0;;0;1;0;0;0;;;;0;0;0;0;0;0;0;0;0;;;;;0;;0;0;0;0;;;0;0;;;;;;;;;
11;Great Sword;Great Sword (11);0;1;5;9;1;2;3;;;1;0;0;0;0;0;0;0;;1;;0;0;0;0;;0;1;0;0;0;;;;0;0;0;0;0;0;0;0;0;;;;;0;;0;0;0;0;;;0;0;;;;;;;;;
12;Mace;Mace (12);0;0;1;5;0;0;1;;;1;0;0;0;0;0;0;0;;;1;0;0;0;0;;0;1;0;0;0;;;;0;0;0;0;0;0;0;0;0;;;;;0;;0;0;0;0;;;0;0;;;;;;;;;
13;Hammer;Hammer (13);0;0;2;7;0;-1;1;;;1;0;0;0;0;0;0;0;1;;1;0;0;0;0;;0;1;0;0;0;;;;0;0;0;0;0;0;0;0;0;;;;;0;;0;0;0;0;;;0;0;;;;;;;;;
14;Maul;Maul (14);0;1;1;9;0;-1;3;;;1;0;0;0;0;0;0;0;;;1;0;0;0;0;;0;1;0;0;0;;;;0;0;0;0;0;0;0;0;0;;;;;0;;0;0;0;0;;;0;0;;;;;;;;;
15;Morningstar;Morningstar (15);0;0;2;6;1;-2;2;;;1;0;0;0;0;0;0;0;1;;1;0;0;0;0;;0;1;0;0;0;;;;0;0;0;0;0;0;0;0;0;;;;;0;;0;1;0;0;;;0;0;;;;;;;;;
16;Flail;Flail (16);0;1;3;3;1;-2;3;;;2;0;0;0;0;0;0;0;;;1;0;0;0;0;;0;1;0;0;0;;;;0;0;0;0;0;0;0;0;0;;;;;0;;0;1;0;0;;;0;0;;;;;;;;;
17;Axe;Axe (17);0;0;1;7;0;-1;1;;;1;0;0;0;0;0;0;0;;1;;0;0;0;0;;0;1;0;0;0;;;;0;0;0;0;0;0;0;0;0;;;;;0;;0;0;0;0;;;0;0;;;;;;;;;
18;Battleaxe;Battleaxe (18);0;1;3;9;1;0;3;;;1;0;0;0;0;0;0;0;;1;;0;0;0;0;;0;1;0;0;0;;;;0;0;0;0;0;0;0;0;0;;;;;0;;0;0;0;0;;;0;0;;;;;;;;;
19;Bite;Bite (19);1;0;0;15;1;0;3;;;1;0;0;1;0;0;0;0;;1;;0;0;0;0;;0;1;0;0;0;;;;0;0;0;0;0;0;0;0;0;;;;;0;;0;0;0;0;;;0;0;;;;;;;;;
20;Bite;Bite (20);1;0;0;2;0;-1;0;;;1;0;0;0;0;0;0;0;;1;;0;0;0;0;;0;1;0;0;0;;;;0;0;0;0;0;0;0;0;0;;;;;0;;0;0;0;0;;;0;0;;;;;;;;;
21;Javelin;Javelin (21);0;0;1;2;-2;;;-1;2;1;0;0;0;0;0;0;0;1;;;0;0;0;0;;0;1;0;0;0;;;;0;0;0;0;0;0;0;0;0;;;;;0;;0;0;0;0;;;0;0;;;;;;;;110;
22;Sling;Sling (22);0;0;0;8;-2;;;20;15;1;0;0;1;0;0;0;0;;;1;0;0;0;0;;0;1;0;0;0;;;;0;0;0;0;0;0;0;0;0;;;;;0;;0;0;0;0;;;0;0;;;;;;;;111;
23;Short Bow;Short Bow (23);0;1;2;9;0;;;30;12;1;0;0;1;0;0;0;0;1;;;0;0;0;0;;0;1;0;0;0;;;;0;0;0;0;0;0;0;0;0;;;;;0;;0;0;0;0;;;0;0;;;;;;;;109;
24;Long Bow;Long Bow (24);0;1;3;12;0;;;40;12;1;0;0;1;0;0;0;0;1;;;0;0;0;0;;0;1;0;0;0;;;;0;0;0;0;0;0;0;0;0;;;;;0;;0;0;0;0;;;0;0;;;;;;;;109;
25;Crossbow;Crossbow (25);0;1;3;11;2;;;35;12;-2;1;0;1;0;0;0;0;1;;;0;0;0;0;;0;1;0;0;0;;;;0;0;0;0;0;0;0;0;0;;;;;0;;0;0;0;0;;;0;0;;;;;;;;109;
26;Arbalest;Arbalest (26);0;1;4;15;1;;;45;10;-3;1;0;1;0;0;0;0;1;;;0;0;0;0;;0;1;0;0;0;;;;0;0;0;0;0;0;0;0;0;;;;;0;;0;0;0;0;;;0;0;;;;;;;;109;
27;Boulder;Boulder (27);0;1;0;10;0;;;-3;2;1;0;0;0;0;0;0;0;;;1;0;0;0;0;;0;1;0;0;0;;;;0;0;0;0;0;0;0;0;0;;;;;0;;0;0;0;0;;;0;0;;;;;;;;100;
28;Long Spear;Long Spear (28);0;0;2;3;0;-1;5;;;1;0;0;0;0;0;0;0;1;;;0;0;0;0;;0;1;0;0;0;;;;0;0;0;0;0;0;0;0;0;;;;;0;;0;0;0;0;;;0;0;;;;;;;;;
29;Claw;Claw (29);0;0;0;0;0;0;0;;;1;0;0;0;0;0;0;0;;1;;0;0;0;0;;0;1;0;0;0;;;;0;0;0;0;0;0;0;0;0;;;;;0;;0;0;0;0;;;0;0;;;;;;;;;
30;Venomous Bite;Venomous Bite (30);1;0;0;-2;0;-1;0;;;3;0;0;0;0;0;51;0;1;;;0;0;0;0;;0;1;0;0;0;;;;0;0;0;0;0;0;0;0;0;;;;;0;;0;0;0;0;;;0;0;;;;;;;;;
31;Coral Spear;Coral Spear (31);0;0;1;2;0;0;4;;;1;0;0;0;0;0;50;0;1;;;0;0;0;0;;0;1;0;0;0;;;;0;0;0;0;0;0;0;0;0;;;;;0;;0;0;0;0;;;0;0;;;;;;;;;
32;Coral Knife;Coral Knife (32);0;0;0;1;0;0;0;;;1;0;0;0;0;0;50;0;1;;;0;0;0;0;;0;1;0;0;0;;;;0;0;0;0;0;0;0;0;0;;;;;0;;0;0;0;0;;;0;0;;;;;;;;;
33;Claws;Claws (33);0;0;0;0;0;0;0;;;2;0;0;0;0;0;0;0;;1;;0;0;0;0;;0;1;0;0;0;;;;0;0;0;0;0;0;0;0;0;;;;;0;;0;0;0;0;;;0;0;;;;;;;;;
34;Blowpipe;Blowpipe (34);0;1;1;0;2;;;8;15;1;0;0;0;0;0;54;0;1;;;0;0;0;0;;0;0;0;1;0;;;;0;0;0;0;0;0;0;0;0;;;;;0;;0;0;0;0;;;0;0;;;;;;;;403;
35;Ice Knife;Ice Knife (35);0;0;0;2;0;0;0;;;1;0;0;0;0;0;0;0;1;;;0;0;0;0;;1;1;0;0;0;;;;0;0;0;0;0;0;0;0;0;;;;;0;;0;0;0;0;;;0;0;;;;;;;;;
36;Ice Lance;Ice Lance (36);0;0;2;3;1;0;4;;;1;0;0;0;0;0;0;0;1;;;0;0;0;0;;1;1;0;0;0;;;;0;0;0;0;0;0;0;0;0;;;;;0;;0;0;0;0;;;0;0;;;;;;;;;
37;Ice Blade;Ice Blade (37);0;0;4;5;1;1;1;;;1;0;0;0;0;0;0;0;;1;;0;0;0;0;;1;1;0;0;0;;;;0;0;0;0;0;0;0;0;0;;;;;0;;0;0;0;0;;;0;0;;;;;;;;;
38;Snake Hair;Snake Hair (38);1;0;0;-4;-2;0;0;;;5;0;0;0;0;0;50;0;1;;;0;0;0;0;;0;1;0;0;0;;;;0;0;0;0;0;0;0;0;0;;;;;0;;0;0;0;0;;;0;0;;;;;;;;;
39;Free;Free (39);0;0;0;0;0;0;0;;;1;0;0;1;0;0;0;0;;;;0;0;0;0;;1;1;0;0;0;;;;0;0;0;0;0;0;0;0;0;;;;;0;;0;0;0;0;;;0;0;;;;;;;;;
40;Whip;Whip (40);0;0;1;-1;-1;0;5;;;1;0;0;0;0;0;0;0;;1;;0;0;0;0;;0;0;0;1;0;;;;0;0;0;0;0;0;0;0;0;;;;;0;;0;1;0;0;;;0;0;;;;;;;;;
41;Bane Blade;Bane Blade (41);0;1;5;9;2;3;3;;;1;0;0;0;0;0;64;0;;1;;0;0;0;0;;1;1;0;0;0;;;;0;0;0;0;0;0;0;0;0;;;;;0;;0;0;0;0;;;0;0;;;;;;;;;
42;Bane Blade;Bane Blade (42);0;0;3;6;1;2;2;;;1;0;0;0;0;0;64;0;;1;;0;0;0;0;;1;1;0;0;0;;;;0;0;0;0;0;0;0;0;0;;;;;0;;0;0;0;0;;;0;0;;;;;;;;;
43;Poisoned Claw;Poisoned Claw (43);0;0;0;0;0;0;0;;;1;0;0;0;0;0;54;0;;1;;0;0;0;0;;0;1;0;0;0;;;;0;0;0;0;0;0;0;0;0;;;;;0;;0;0;0;0;;;0;0;;;;;;;;;
44;Ice Mace;Ice Mace (44);0;0;2;5;1;0;1;;;1;0;0;0;0;0;0;0;;;1;0;0;0;0;;1;1;0;0;0;;;;0;0;0;0;0;0;0;0;0;;;;;0;;0;0;0;0;;;0;0;;;;;;;;;
45;Coral Club;Coral Club (45);0;0;1;4;0;0;1;;;1;0;0;0;0;0;50;0;;;1;0;0;0;0;;0;1;0;0;0;;;;0;0;0;0;0;0;0;0;0;;;;;0;;0;0;0;0;;;0;0;;;;;;;;;
46;Coral Glaive;Coral Glaive (46);0;1;4;9;-1;1;4;;;1;0;0;0;0;0;50;0;1;1;;0;0;0;0;;0;1;0;0;0;;;;0;0;0;0;0;0;0;0;0;;;;;0;;0;0;0;0;;;0;0;;;;;;;;;
47;Lobster Claw;Lobster Claw (47);1;0;0;20;-4;0;0;;;1;0;0;1;0;0;0;0;;1;;0;0;0;0;;0;1;0;0;0;;;;0;0;0;0;0;0;0;0;0;;;;;0;;0;0;0;0;;;0;0;;;;;;;;;
48;Fire Flare;Fire Flare (48);1;0;0;20;0;0;3;;;1;1;0;1;0;1;0;0;;;;1;0;0;0;;1;1;0;0;0;;;;0;0;0;0;0;0;0;0;0;;;;;0;;0;0;0;0;;;0;0;;;;;;;;;
49;Iron Prod;Iron Prod (49);0;0;4;8;-2;-1;3;;;1;0;0;0;0;0;0;0;1;;;0;0;0;0;;0;1;0;0;0;;;;0;0;0;0;0;0;0;0;0;;;;;0;;0;0;0;0;;;0;0;;;;;;;;;
50;Weak Poison;Weak Poison (50);0;0;0;5;0;0;0;;;1;0;1;1;0;0;0;0;;;;0;0;1;0;;1;0;0;0;0;;;;0;1;0;0;0;0;0;0;0;;;;;0;;0;0;0;0;;;0;0;;;;;;;;;
51;Strong Poison;Strong Poison (51);0;0;0;15;0;0;0;;;1;0;1;1;0;0;0;0;;;;0;0;1;0;;1;0;0;0;0;;;;0;1;0;0;0;0;0;0;0;;;;;0;;0;0;0;0;;;0;0;;;;;;;;;
52;Death Poison;Death Poison (52);0;0;0;35;0;0;0;;;1;0;1;1;0;0;0;0;;;;0;0;1;0;;1;0;0;0;0;;;;0;1;0;0;0;0;0;0;0;;;;;0;;0;0;0;0;;;0;0;;;;;;;;;
53;Debilitative Poison;Debilitative Poison (53);0;0;0;20;0;0;0;;;1;0;1;1;1;0;0;0;;;;0;0;1;0;;1;0;0;0;0;1;;;0;1;0;0;0;0;0;0;0;;;;;0;;0;0;0;0;;;0;0;;;;;;;;;
54;Paralyzing Poison;Paralyzing Poison (54);0;0;0;50;0;0;0;;;1;0;1;1;1;0;0;0;;;;0;0;1;0;;1;0;0;0;0;1;;;0;1;0;0;0;0;0;0;0;;;;;0;;0;0;0;0;;;0;0;;;;;;;;;
55;Hoof;Hoof (55);1;0;0;0;0;0;0;;;1;0;0;0;0;0;0;0;;;1;0;0;0;0;;0;1;0;0;0;;;;0;0;0;0;0;0;0;0;0;;;;;0;;0;0;0;0;;;0;0;;;;;;;;;
56;Hoof;Hoof (56);1;0;0;13;0;0;0;;;1;0;0;1;0;0;0;0;;;1;0;0;0;0;;0;1;0;0;0;;;;0;0;0;0;0;0;0;0;0;;;;;0;;0;0;0;0;;;0;0;;;;;;;;;
57;Sickle;Sickle (57);0;0;2;5;0;0;1;;;1;0;0;0;0;0;0;0;;1;;0;0;0;0;;0;1;0;0;0;;;;0;0;0;0;0;0;0;0;0;;;;;0;;0;0;0;0;;;0;0;;;;;;;;;
58;Wail;Wail (58);0;0;0;999;10;0;6;;;1;0;0;1;1;1;60;0;;;;0;0;0;0;;1;1;0;0;0;;;;0;0;0;0;0;0;0;0;0;;;;;0;;0;0;0;0;;;0;0;;;;;;;;;
59;Rod of Death;Rod of Death (59);0;0;0;10;2;0;1;;;1;0;1;1;0;0;0;0;;;1;0;0;0;0;;1;1;0;0;0;;;;0;0;0;0;0;0;0;0;0;;;;;0;;0;0;0;0;;;0;0;;;;;;;;;
60;Fear;Fear (60);0;0;0;2;0;0;0;;;1;0;0;1;0;5;0;0;;;;0;0;0;0;;1;0;0;0;0;;1;;0;0;0;0;0;0;0;0;0;;;;;0;;1;0;0;0;;;0;0;;;;;;damage to morale;;;
61;Fire Breath;Fire Breath (61);0;0;0;0;0;;;-2;5;1;1;0;0;0;1;0;0;;;;1;0;0;0;;1;1;0;0;0;;;;0;0;0;0;0;0;0;0;0;;;;;0;;0;0;0;0;;;0;0;;;;;;;;;
62;Bile;Bile (62);0;0;0;20;0;;;-2;5;1;0;1;1;0;3;0;0;;;;0;0;1;0;;1;0;0;0;0;;;;0;1;0;0;0;0;0;0;0;;;;;0;;0;0;0;0;;;0;0;;;;;;;;;
63;Life Drain;Life Drain (63);0;0;0;0;0;0;0;;;1;1;0;0;0;0;0;0;;;;0;0;0;0;;1;0;0;0;0;;;;0;0;0;0;0;0;0;0;0;;;;;0;;0;0;0;0;;;1;0;;;;;;;;;
64;Decay;Decay (64);0;0;0;spc;0;0;0;;;1;0;0;1;1;0;0;0;;;;0;0;0;0;;1;0;1;0;0;;;;0;0;0;0;0;0;0;0;0;;;;;0;;0;0;0;0;;;0;0;;;;;256;Decay;;;
65;Venomous Fangs;Venomous Fangs (65);1;0;0;-2;0;-1;0;;;1;0;0;0;0;0;52;0;;1;;0;0;0;0;;0;1;0;0;0;;;;0;0;0;0;0;0;0;0;0;;;;;0;;0;0;0;0;;;0;0;;;;;;;;;
66;Jotun Axe;Jotun Axe (66);0;0;2;7;0;-1;3;;;1;0;0;0;0;0;0;0;;1;;0;0;0;0;;0;1;0;0;0;;;;0;0;0;0;0;0;0;0;0;;;;;0;;0;0;0;0;;;0;0;;;;;;;;;
67;Phantasmal Weapon;Phantasmal Weapon (67);0;0;0;0;0;0;0;;;1;0;0;0;1;0;0;0;;;;0;0;0;0;;1;1;0;0;0;;;;0;0;0;0;0;0;0;0;0;;;;;0;;0;0;0;0;;;0;0;;;;;;;;;
68;Barbed Tail;Barbed Tail (68);1;0;0;-2;-1;0;0;;;1;0;0;0;0;0;54;0;1;;;0;0;0;0;;1;1;0;0;0;;;;0;0;0;0;0;0;0;0;0;;;;;0;;0;0;0;0;;;0;0;;;;;;;;;
69;Icicle Fist;Icicle Fist (69);0;0;0;2;0;0;0;;;1;0;0;0;0;0;222;0;1;;;0;0;0;0;;1;1;0;0;0;;;;0;0;0;0;0;0;0;0;0;;;;;0;;0;0;0;0;;;0;0;;;;;;;;;
70;Astral Claw;Astral Claw (70);0;0;0;0;0;0;0;;;1;0;1;0;0;0;367;0;;1;;0;0;0;0;;1;1;0;0;0;;;;0;0;0;0;0;0;0;0;0;;;;;0;;0;0;0;0;;;0;0;;;;;;;;;
71;Sleep Vines;Sleep Vines (71);1;0;0;33;-1;0;4;;;3;0;0;1;1;0;0;0;;;;0;0;0;0;;1;0;0;0;1;;;;0;0;0;0;0;0;0;0;0;;;;;0;;0;0;0;0;;;0;0;;;;;;;;;
72;Sun Slayer;Sun Slayer (72);0;1;0;13;5;6;3;;;1;0;0;0;0;0;0;73;;1;;0;0;0;0;;1;1;0;0;0;;;;0;0;0;0;0;0;0;0;0;;;;;0;;0;0;0;0;;;0;0;;;;;;;;;
73;Area Death;Area Death (73);0;0;0;8;0;0;0;;;1;0;1;0;0;5;0;0;;;;0;0;0;0;;1;1;0;0;0;;;;0;0;0;0;0;0;0;0;0;;;;;0;;0;0;0;0;;;0;0;;;;;;;;;
74;Sword of Sharpness;Sword of Sharpness (74);0;0;0;8;1;2;2;;;1;1;0;0;0;0;0;0;;1;;0;0;0;0;;1;1;0;0;0;;;;0;0;0;0;0;0;0;0;0;;;;;0;;0;0;0;0;;;0;0;;;;;;;;;
75;Enchanted Sword;Enchanted Sword (75);0;0;0;9;2;3;2;;;1;0;0;0;0;0;0;0;;1;;0;0;0;0;;1;1;0;0;0;;;;0;0;0;0;0;0;0;0;0;;;;;0;;0;0;0;0;;;0;0;;;;;;;;;
76;Fire Sword;Fire Sword (76);0;0;0;12;4;1;2;;;1;0;0;0;0;0;0;0;;1;;0;0;0;0;;1;1;0;0;0;;;;0;0;0;0;0;0;0;0;0;;;;;0;;0;0;0;0;;;0;0;;;;;;;;;
77;Ice Sword;Ice Sword (77);0;0;0;10;1;3;2;;;1;0;0;0;0;0;0;0;;1;;0;0;0;0;;1;1;0;0;0;;;;0;0;0;0;0;0;0;0;0;;;;;0;;0;0;0;0;;;0;0;;;;;;;;;
78;Stinger;Stinger (78);0;0;0;6;1;1;4;;;1;1;0;0;0;0;0;0;1;;;0;0;0;0;;1;1;0;0;0;;;;0;0;0;0;0;0;0;0;0;;;;;0;;0;0;0;0;;;0;0;;;;;;;;;
79;Thorn Spear;Thorn Spear (79);0;0;0;5;2;2;4;;;1;0;0;0;0;0;51;0;1;;;0;0;0;0;;1;1;0;0;0;;;;0;0;0;0;0;0;0;0;0;;;;;0;;0;0;0;0;;;0;0;;;;;;;;;
80;Fire Brand;Fire Brand (80);0;0;0;12;4;1;2;;;1;1;0;0;0;0;0;171;;1;;0;0;0;0;;1;1;0;0;0;;;;0;0;0;0;0;0;0;0;0;;;;;0;;0;0;0;0;;;0;0;;;;;;;;;
81;Thorn Staff;Thorn Staff (81);0;1;0;5;3;5;4;;;1;0;0;0;0;0;51;0;;;1;0;0;0;0;;1;1;0;0;0;;;;0;0;0;0;0;0;0;0;0;;;;;0;;0;0;0;0;;;0;0;;;;;;;;;
82;Frost Brand;Frost Brand (82);0;0;0;16;4;2;2;;;1;0;0;0;0;0;0;409;;1;;0;0;0;0;;1;1;0;0;0;;;;0;0;0;0;0;0;0;0;0;;;;;0;;0;0;0;0;;;0;0;;;;;;;;;
83;Wave Breaker;Wave Breaker (83);0;1;0;10;3;3;4;;;3;0;0;0;0;0;0;0;1;;;0;0;0;0;;1;1;0;0;0;;;;0;0;0;0;0;0;0;0;0;;;;;0;;0;0;0;0;;;0;0;;;;;;;;;
84;Unquenched Sword;Unquenched Sword (84);0;0;0;22;4;1;2;;;1;1;0;0;0;0;0;171;;1;;0;0;0;0;;1;1;0;0;0;;;;0;0;0;0;0;0;0;0;0;;;;;0;;0;0;0;0;;;0;0;;;;;;;;;
85;Tentacle;Tentacle (85);1;0;0;-5;0;0;0;;;1;1;0;0;0;0;0;0;;;;0;0;0;0;;0;1;0;0;0;;;;0;0;0;0;0;0;0;0;0;;;;;0;;0;0;0;0;;;0;0;;;;;;;;;
86;Mind Blast;Mind Blast (86);1;0;0;12;100;;;100;10;1;0;1;1;1;0;293;0;;;;0;0;0;0;;1;0;0;0;0;;;;1;0;0;0;0;0;0;0;0;;;;;0;;1;0;0;0;;;0;0;;;;;;;;;
87;Mage Bane;Mage Bane (87);0;0;0;10;5;6;2;;;1;0;0;0;0;0;88;0;;1;;0;0;0;0;;1;1;0;0;0;;;;0;0;0;0;0;0;0;0;0;;;;;0;;0;0;0;0;;;0;0;;;;;;;;;
88;Unconsciousness;Unconsciousness (88);0;0;0;110;0;0;0;;;1;0;1;1;0;0;247;0;;;;0;0;0;0;;1;0;0;0;1;;;;0;0;0;0;0;0;0;0;0;;;;;0;;0;0;0;0;;;0;0;;;;;;;;;
89;Snake Staff;Snake Staff (89);0;1;0;5;3;5;4;;;1;0;0;0;0;0;50;0;1;;1;0;0;0;0;;1;1;0;0;0;;;;0;0;0;0;0;0;0;0;0;;;;;0;;0;0;0;0;;;0;0;;;;;;;;;
90;Crush;Crush (90);0;0;0;0;0;0;0;;;1;1;0;0;0;0;0;0;;;1;0;0;0;0;;0;1;0;0;0;;;;0;0;0;0;0;0;0;0;0;;;;;0;;0;0;0;0;;;0;0;;;;;;;;;
91;Stun;Stun (91);0;0;0;0;0;0;0;;;1;1;0;0;0;0;0;0;;;;0;0;0;0;;1;0;0;0;1;;;;0;0;0;0;0;0;0;0;0;;;;;0;;0;0;0;0;;;0;0;;;;;;;;;
92;Fist;Fist (92);0;0;0;-2;-1;-1;0;;;1;0;0;0;0;0;0;0;;;1;0;0;0;0;;0;1;0;0;0;;;;0;0;0;0;0;0;0;0;0;;;;;0;;0;0;0;0;;;0;0;;;;;;;;;
93;Cold Breath;Cold Breath (93);0;0;0;14;0;;;-2;5;1;1;0;1;0;3;0;0;;;;0;1;0;0;;1;1;0;0;0;;;;0;0;0;0;0;0;0;0;0;;;;;0;;0;0;0;0;;;0;0;;;;;;;;;
94;Spear;Spear (94);1;0;1;16;0;0;4;;;1;0;0;1;0;0;0;0;1;;;0;0;0;0;;0;1;0;0;0;;;;0;0;0;0;0;0;0;0;0;;;;;0;;0;0;0;0;;;0;0;;;;;;;;;
95;Flambeau;Flambeau (95);0;1;0;13;4;2;3;;;1;1;0;0;0;0;221;0;;;;0;0;0;0;;1;0;0;0;0;;;;0;0;0;1;0;0;0;0;0;;;;;0;;0;0;0;0;;;0;0;;;;;;;;;
96;Spear;Spear (96);1;0;1;13;0;0;4;;;1;0;0;1;0;0;0;0;;;;0;0;0;0;;0;1;0;0;0;;;;0;0;0;0;0;0;0;0;0;;;;;0;;0;0;0;0;;;0;0;;;;;;;;;
97;Woundflame;Woundflame (97);0;0;0;8;4;5;1;;;1;0;0;0;0;0;98;0;1;1;;0;0;0;0;;1;1;0;0;0;;;;0;0;0;0;0;0;0;0;0;;;;;0;;0;0;0;0;;;0;0;;;;;;;;;
98;Plague;Plague (98);0;0;0;spc;0;0;0;;;1;0;0;1;0;0;0;0;;;;0;0;0;0;;1;0;1;0;0;;;;0;0;0;0;0;0;0;0;0;;;;;0;;0;0;0;0;;;0;0;;;;;8;area affliction: Disease;;;
99;Main Gauche of Parrying;Main Gauche of Parrying (99);0;0;0;3;0;4;0;;;1;0;0;0;0;0;0;0;1;;;0;0;0;0;;1;1;0;0;0;;;;0;0;0;0;0;0;0;0;0;;;;;0;;0;0;0;0;;;0;0;;;;;;;;;
100;Standard;Standard (100);0;1;3;1;-2;-3;4;;;1;0;0;0;0;0;0;0;;;1;0;0;0;0;;0;1;0;0;0;;;;0;0;0;0;0;0;0;0;0;;;;;0;;0;0;0;0;;;0;0;;;;;;;;;
101;Athame;Athame (101);0;0;0;4;2;0;0;;;1;0;0;0;0;0;0;0;1;;;0;0;0;0;;1;0;0;0;0;;;;0;0;0;0;0;0;0;0;0;;;;;0;;0;0;0;0;;;0;1;;;;;;;;;
102;Faithful;Faithful (102);0;0;0;7;1;3;1;;;1;0;0;0;0;0;0;0;1;1;;0;0;0;0;;1;1;0;0;0;;;;0;0;0;0;0;0;0;0;0;;;;;0;;0;0;0;0;;;0;0;;;;;;;;;
103;Stone Sword;Stone Sword (103);0;1;0;10;4;7;3;;;1;0;0;0;0;0;0;104;;1;;0;0;0;0;;1;1;0;0;0;;;;0;0;0;0;0;0;0;0;0;;;;;0;;0;0;0;0;;;0;0;;;;;;;;;
104;Area Petrification;Area Petrification (104);0;0;0;999;0;0;0;;;1;0;1;1;1;5;0;0;;;;0;0;0;0;;1;0;0;0;0;;;;0;0;0;0;0;0;0;0;0;;;;;0;;0;0;0;0;;;0;0;;;;;;;;;
105;Staff of Storms;Staff of Storms (105);0;1;0;3;2;4;4;;;1;0;0;0;0;0;232;0;;;1;0;0;0;0;;1;1;0;0;0;;;;0;0;0;0;0;0;0;0;0;;;;;0;;0;0;0;0;;;0;0;;;;;;;;;
106;Sword of Swiftness;Sword of Swiftness (106);0;0;0;9;1;4;2;;;2;0;0;0;0;0;0;0;;1;;0;0;0;0;;1;1;0;0;0;;;;0;0;0;0;0;0;0;0;0;;;;;0;;0;0;0;0;;;0;0;;;;;;;;;
107;Halberd of Might;Halberd of Might (107);0;1;0;16;0;0;4;;;1;0;0;0;0;0;0;0;1;1;;0;0;0;0;;1;1;0;0;0;;;;0;0;0;0;0;0;0;0;0;;;;;0;;0;0;0;0;;;0;0;;;;;;;;;
108;Sword of Sharpness;Sword of Sharpness (108);0;1;0;12;2;3;3;;;1;1;0;0;0;0;0;0;;1;;0;0;0;0;;1;1;0;0;0;;;;0;0;0;0;0;0;0;0;0;;;;;0;;0;0;0;0;;;0;0;;;;;;;;;
109;Herald Lance;Herald Lance (109);0;0;0;6;1;1;4;;;1;0;0;0;0;0;0;0;1;;;0;0;0;0;;1;0;0;0;0;;;;0;0;0;1;0;0;0;0;0;;;;;0;;0;0;0;0;;;0;0;;;;;;;;;
110;Wraith Sword;Wraith Sword (110);0;1;0;9;2;3;3;;;1;0;0;0;0;0;0;0;;1;;0;0;0;0;;1;0;0;0;0;;;;0;0;0;0;0;0;0;0;0;;;;;0;;0;0;0;0;;;0;1;;;;;;;;;
111;Heart Finder Sword;Heart Finder Sword (111);0;0;0;7;0;1;2;;;1;0;0;0;0;0;112;0;;1;;0;0;0;0;;1;1;0;0;0;;;;0;0;0;0;0;0;0;0;0;;;;;0;;0;0;0;0;;;0;0;;;;;;;;;
112;Heart Finding;Heart Finding (112);0;0;0;999;0;0;0;;;1;0;0;1;1;0;0;0;;;;0;0;0;0;;1;1;0;0;0;;;;0;0;0;0;0;0;0;0;0;;;;;0;;0;0;0;0;;;0;0;;;;;;;;;
113;Tempest;Tempest (113);0;1;0;15;5;6;3;;;1;0;0;0;0;0;0;114;;1;;0;0;0;0;;1;1;0;0;0;;;;0;0;0;0;0;0;0;0;0;;;;;0;;0;0;0;0;;;0;0;;;;;;;;;
114;Small Area Shock;Small Area Shock (114);0;0;0;8;0;0;0;;;1;0;1;1;0;1;0;0;;;;0;0;0;1;;1;1;0;0;0;;;;0;0;0;0;0;0;0;0;0;;;;;0;;0;0;0;0;;;0;0;;;;;;;;;
115;Dwarven Hammer;Dwarven Hammer (115);0;0;0;8;0;-1;1;;;1;0;0;0;0;0;0;0;;;1;0;0;0;0;;1;1;0;0;0;;;;0;0;0;0;0;0;0;0;0;;;;;0;;0;0;0;0;;;0;0;;;;;;;;;
116;Strangulation;Strangulation (116);0;0;0;-2;0;-1;0;;;1;1;0;0;0;0;91;0;;;;0;0;0;0;;0;1;0;0;0;;;;0;0;0;0;0;0;0;0;0;;;;;0;;0;0;0;0;;;0;0;;;;;;;;;
117;Knife of the Damned;Knife of the Damned (117);0;0;0;4;2;1;0;;;1;0;0;0;0;0;118;0;1;;;0;0;0;0;;1;1;0;0;0;;;;0;0;0;0;0;0;0;0;0;;;;;0;;0;0;0;0;;;0;0;;;;;;;;;
118;Curse;Curse (118);0;0;0;spc;0;0;0;;;1;0;0;1;0;0;0;0;;;;0;0;0;0;;1;0;1;0;0;;;;0;0;0;0;0;0;0;0;0;;;;;0;;0;0;0;0;;;0;0;;;;;2;attribute: Cursed;;;
119;Hammer of the Cyclops;Hammer of the Cyclops (119);0;1;0;37;0;-1;3;;;1;0;0;1;0;0;0;0;;;1;0;0;0;0;;1;1;0;0;0;;;;0;0;0;0;0;0;0;0;0;;;;;0;;0;0;0;0;;;0;0;;;;;;;;;
120;Enchanted Spear;Enchanted Spear (120);0;0;0;7;2;2;4;;;1;0;0;0;0;0;0;0;1;;;0;0;0;0;;1;1;0;0;0;;;;0;0;0;0;0;0;0;0;0;;;;;0;;0;0;0;0;;;0;0;;;;;;;;;
121;Dancing Trident;Dancing Trident (121);1;0;0;19;0;1;6;;;1;0;0;1;0;0;0;0;1;;;0;0;0;0;;1;1;0;0;0;;;;0;0;0;0;0;0;0;0;0;;;;;0;;0;0;0;0;;;0;0;;;;;;;;;
122;Harvest Blade;Harvest Blade (122);0;1;0;16;10;-5;0;;;1;0;0;0;0;1;125;0;;1;;0;0;0;0;;1;1;0;0;0;;;;0;0;0;0;0;0;0;0;0;;;;;0;;0;0;0;0;;;0;0;;;;;;;;;
123;Javelin of Flight;Javelin of Flight (123);0;0;0;5;0;;;25;99;1;0;0;0;0;0;0;0;1;;;0;0;0;0;;1;1;0;0;0;;;;0;0;0;0;0;0;0;0;0;;;;;0;;0;0;0;0;;;0;0;;;;;;;;;
124;Ice Rod;Ice Rod (124);0;1;0;3;2;4;4;;;1;0;0;0;0;0;0;0;;;1;0;0;0;0;;1;1;0;0;0;;;;0;0;0;0;0;0;0;0;0;;;;;0;;0;0;0;0;;;0;0;;;;;;;;;
125;Leg Chop;Leg Chop (125);0;0;0;spc;0;0;0;;;1;0;0;0;0;1;0;0;;;;0;0;0;0;;1;0;1;0;0;;;;0;0;0;0;0;0;0;0;0;;;;;0;;0;0;0;0;;;0;0;;;;;16777216;affliction: Crippled;;;
126;Poison Dagger;Poison Dagger (126);0;0;0;2;1;0;0;;;1;0;0;0;0;0;51;0;1;;;0;0;0;0;;0;1;0;0;0;;;;0;0;0;0;0;0;0;0;0;;;;;0;;0;0;0;0;;;0;0;;;;;;;;;
127;Venomous Bite;Venomous Bite (127);1;0;0;-2;0;-1;0;;;1;0;0;0;0;0;50;0;1;;;0;0;0;0;;1;1;0;0;0;;;;0;0;0;0;0;0;0;0;0;;;;;0;;0;0;0;0;;;0;0;;;;;;;;;
128;Gloves of the Gladiator;Gloves of the Gladiator (128);0;1;0;3;1;1;0;;;4;0;0;0;0;0;0;0;;;1;0;0;0;0;;1;1;0;0;0;;;;0;0;0;0;0;0;0;0;0;;;;;0;;0;0;0;0;;;0;0;;;;;;;;;
129;Duskdagger;Duskdagger (129);0;0;0;2;2;0;0;;;1;0;1;0;0;0;0;0;1;;;0;0;0;0;;1;1;0;0;0;;;;0;0;0;0;0;0;0;0;0;;;;;0;;0;0;0;0;;;0;0;;;;;;;;;
130;Hammer of the Mountains;Hammer of the Mountains (130);0;1;0;25;-2;-4;4;;;1;0;0;0;0;0;0;0;;;1;0;0;0;0;;1;1;0;0;0;;;;0;0;0;0;0;0;0;0;0;;;;;0;;0;0;0;0;;;0;0;;;;;;;;;
131;Frost Blast;Frost Blast (131);0;0;0;10;0;;;30;6;1;1;0;1;0;1;0;0;;;;0;1;0;0;;1;1;0;0;0;;;;0;0;0;0;0;0;0;0;0;;;;;0;;0;0;0;0;;;0;0;;;;;;;;;
132;Shortsword;Shortsword (132);0;1;0;12;3;4;2;;;1;0;0;0;0;0;0;0;;1;;0;0;0;0;;1;0;0;0;0;;;;0;0;0;0;0;0;1;0;0;;;;;0;;0;0;0;0;;;0;0;;;;;;;;;
133;Midget Masher;Midget Masher (133);0;1;0;13;2;1;3;;;1;0;0;0;0;0;0;0;;;1;0;0;0;0;;1;0;0;0;0;;;;0;0;0;0;0;1;0;0;0;;;;;0;;0;0;0;0;;;0;0;;;;;;;;;
134;Sceptre of Authority;Sceptre of Authority (134);0;0;0;4;1;0;1;;;1;1;0;0;0;0;0;0;;;1;1;0;0;0;;1;1;0;0;0;;;;0;0;0;0;0;0;0;0;0;;;;;0;;0;0;0;0;;;0;0;;;;;;;;;
135;Champion's Trident;Champion's Trident (135);0;1;0;12;3;6;4;;;2;0;0;0;0;0;0;0;1;;;0;0;0;0;;1;1;0;0;0;;;;0;0;0;0;0;0;0;0;0;;;;;0;;0;0;0;0;;;0;0;;;;;;;;;
136;Vine Whip;Vine Whip (136);0;0;0;0;3;0;5;;;1;0;0;0;0;0;137;0;;1;;0;0;0;0;;1;0;0;1;0;;;;0;0;0;0;0;0;0;0;0;;;;;0;;0;1;0;0;;;0;0;;;;;;;;;
137;Entanglement;Entanglement (137);0;0;0;spc;0;0;0;;;1;0;0;1;0;0;0;0;;;;0;0;0;0;;1;0;1;0;0;;;;0;0;0;0;0;0;0;0;0;;;;;0;;0;0;0;0;;;0;0;;;;;64;entanglement;;;
138;Rat Tail;Rat Tail (138);0;0;0;9;5;0;5;;;2;0;0;1;0;0;0;139;;1;;0;0;0;0;;1;1;0;0;0;;;;0;0;0;0;0;0;0;0;0;;;;;0;;0;1;0;0;;;0;0;;;;;;;;;
139;Greater Fear;Greater Fear (139);0;0;0;10;0;0;0;;;0;0;1;1;0;0;0;0;;;;0;0;0;0;;1;0;0;0;0;;1;;0;0;0;0;0;0;0;0;0;;;;;0;;1;0;0;0;;;0;0;;;;;;damage to morale;;;
140;Whip of Command;Whip of Command (140);0;0;0;1;3;0;5;;;1;0;0;0;0;0;0;0;;1;;0;0;0;0;;1;0;0;1;0;;;;0;0;0;0;0;0;0;0;0;;;;;0;;0;1;0;0;;;0;0;;;;;;;;;
141;Poison Spit;Poison Spit (141);1;0;0;0;0;;;10;5;1;1;0;0;0;0;50;0;;;;0;0;1;0;;0;1;0;0;0;;;;0;1;0;0;0;0;0;0;0;;;;;0;;0;0;0;0;;;0;0;;;;;;;;;
142;Touch of Leprosy;Touch of Leprosy (142);0;0;0;0;0;0;0;;;1;0;0;0;0;0;143;0;;;;0;0;0;0;;0;1;0;0;0;;;;0;0;0;0;0;0;0;0;0;;;;;0;;0;0;0;0;;;0;0;;;;;;;;;
143;Disease;Disease (143);0;0;0;spc;0;0;0;;;1;0;0;1;0;0;0;0;;;;0;0;0;0;;1;0;1;0;0;;;;0;0;0;0;0;0;0;0;0;;;;;0;;0;0;0;0;;;0;0;;;;;1;affliction: Disease;;;
144;Stinger;Stinger (144);1;0;0;0;5;0;3;;;1;0;0;0;0;0;52;0;1;;;0;0;0;0;;0;1;0;0;0;;;;0;0;0;0;0;0;0;0;0;;;;;0;;0;0;0;0;;;0;0;;;;;;;;;
145;Heavenly Horn;Heavenly Horn (145);0;0;0;5;0;;;23;15;1;1;0;1;0;5;0;0;;;;0;0;0;0;;1;0;0;0;0;;;;0;0;0;1;0;0;0;0;0;;;;;0;;0;0;0;0;;;0;0;;;;;;;;;
146;Venomous Claw;Venomous Claw (146);0;0;0;0;0;0;0;;;1;0;0;0;0;0;52;0;;1;;0;0;0;0;;0;1;0;0;0;;;;0;0;0;0;0;0;0;0;0;;;;;0;;0;0;0;0;;;0;0;;;;;;;;;
147;Spray Poison;Spray Poison (147);1;0;0;15;0;;;-1;5;1;0;1;1;0;1;0;0;;;;0;0;1;0;;1;0;0;0;0;;;;0;1;0;0;0;0;0;0;0;;;;;0;;0;0;0;0;;;0;0;;;;;;;;;
148;Spider Claw;Spider Claw (148);0;0;0;0;0;0;3;;;1;0;0;0;0;0;0;0;;1;;0;0;0;0;;0;1;0;0;0;;;;0;0;0;0;0;0;0;0;0;;;;;0;;0;0;0;0;;;0;0;;;;;;;;;
149;Flesh Eater;Flesh Eater (149);0;0;0;14;3;0;2;;;1;0;0;0;0;0;150;0;;1;;0;0;0;0;;1;1;0;0;0;;;;0;0;0;0;0;0;0;0;0;;;;;0;;0;0;0;0;;;0;0;;;;;;;;;
150;Chest Wound;Chest Wound (150);0;0;0;spc;0;0;0;;;1;0;0;1;0;0;0;0;;;;0;0;0;0;;1;0;1;0;0;;;;0;0;0;0;0;0;0;0;0;;;;;0;;0;0;0;0;;;0;0;;;;;8388608;affliction: Chest Wound;;;
151;Wand;Wand (151);0;0;0;-2;-2;0;0;;;1;0;0;0;0;0;0;0;;;1;0;0;0;0;;1;1;0;0;0;;;;0;0;0;0;0;0;0;0;0;;;;;0;;0;0;0;0;;;0;0;;;;;;;;;
152;Longbow of Accuracy;Longbow of Accuracy (152);0;1;0;14;30;;;45;12;1;0;0;1;0;0;0;0;1;;;0;0;0;0;;1;1;0;0;0;;;;0;0;0;0;0;0;0;0;0;;;;;0;;0;0;0;0;;;0;0;;;;;;;;;
153;Stick;Stick (153);0;1;0;2;0;1;1;;;1;0;0;0;0;0;0;0;;;1;0;0;0;0;;0;1;0;0;0;;;;0;0;0;0;0;0;0;0;0;;;;;0;;0;0;0;0;;;0;0;;;;;;;;;
154;Bow of War;Bow of War (154);0;1;0;10;0;;;35;7;13;0;0;1;0;0;0;0;1;;;0;0;0;0;;1;1;0;0;0;;;;0;0;0;0;0;0;0;0;0;;;;;0;;0;0;0;0;;;0;0;;;;;;;;;
155;Black Bow;Black Bow (155);0;1;0;14;5;;;40;12;1;0;0;1;0;0;156;0;1;;;0;0;0;0;;1;1;0;0;0;;;;0;0;0;0;0;0;0;0;0;;;;;0;;0;0;0;0;;;0;0;;;;;;;;;
156;Feeblemind;Feeblemind (156);0;0;0;spc;0;0;0;;;1;0;0;0;0;0;0;0;;;;0;0;0;0;;1;0;1;0;0;;;;0;0;0;0;0;0;0;0;0;;;;;0;;1;0;0;0;;;0;0;;;;;33554432;affliction:Feeblemind;;;
157;Oath Rod;Oath Rod (157);0;1;0;5;3;5;4;;;1;0;0;0;0;0;156;0;;;1;0;0;0;0;;1;1;0;0;0;;;;0;0;0;0;0;0;0;0;0;;;;;0;;0;0;0;0;;;0;0;;;;;;;;;
158;Flailing Hands;Flailing Hands (158);0;1;0;10;4;-1;3;;;2;0;0;0;0;0;159;0;;;1;0;0;0;0;;1;1;0;0;0;;;;0;0;0;0;0;0;0;0;0;;;;;0;;0;0;0;0;;;0;0;;;;;;;;;
159;Fear and Cold;Fear and Cold (159);0;0;0;10;0;0;0;;;1;0;1;1;0;0;160;0;;;;0;0;0;0;;1;0;0;0;0;;1;;0;0;0;0;0;0;0;0;0;;;;;0;;0;0;0;0;;;0;0;;;;;;damage to morale;;;
160;Cold;Cold (160);1;0;0;20;0;0;0;;;1;1;0;1;0;0;0;0;;;;0;1;0;0;;1;0;0;0;1;;;;0;0;0;0;0;0;0;0;0;;;;;0;;0;0;0;0;;1;0;0;;;;;;;;;
161;Just Man's Cross;Just Man's Cross (161);0;1;0;15;4;;;35;12;-2;1;0;1;0;0;0;0;1;;;0;0;0;0;;1;0;0;0;0;;;;0;0;0;1;0;0;0;0;0;;;;;0;;0;0;0;0;;;0;0;;;;;;;;;
162;The Summit;The Summit (162);0;0;0;28;12;6;1;;;1;0;0;0;0;0;0;0;;1;;0;0;0;0;;1;1;0;0;0;;;;0;0;0;0;0;0;0;0;0;;;;;0;;0;0;0;0;;;0;0;;;;;;;;;
163;Thistle Mace;Thistle Mace (163);0;0;0;3;-1;-1;1;;;1;0;0;0;0;0;51;0;;;1;0;0;0;0;;1;1;0;0;0;;;;0;0;0;0;0;0;0;0;0;;;;;0;;0;0;0;0;;;0;0;;;;;;;;;
164;unused;unused (164);0;0;0;0;0;0;0;;;1;0;0;1;0;0;0;0;;;;0;0;0;0;;1;1;0;0;0;;;;0;0;0;0;0;0;0;0;0;;;;;0;;0;0;0;0;;;0;0;;;;;;;;;
165;Great Club;Great Club (165);0;1;0;7;0;1;3;;;1;0;0;0;0;0;0;0;;;1;0;0;0;0;;0;1;0;0;0;;;;0;0;0;0;0;0;0;0;0;;;;;0;;0;0;0;0;;;0;0;;;;;;;;;
166;Golden Claw;Golden Claw (166);0;0;0;2;0;0;0;;;1;0;0;0;0;0;0;0;;1;;0;0;0;0;;1;1;0;0;0;;;;0;0;0;0;0;0;0;0;0;;;;;0;;0;0;0;0;;;0;0;;;;;;;;;
167;Poison Sling;Poison Sling (167);0;0;0;5;-4;;;13;6;1;0;1;1;0;1;0;0;;;;0;0;1;0;;0;0;0;0;0;;;;0;1;0;0;0;0;0;0;0;;;;;0;;0;0;0;0;;;0;0;;;;;;;;;
168;Piercer;Piercer (168);0;1;0;12;10;;;35;12;-2;0;1;1;0;0;0;0;1;;;0;0;0;0;;1;1;0;0;0;;;;0;0;0;0;0;0;0;0;0;;;;;0;;0;1;0;0;;;0;0;;;;;;;;;
169;Gate Cleaver;Gate Cleaver (169);0;1;0;29;-1;-1;3;;;1;0;1;0;0;0;0;0;;1;;0;0;0;0;;1;1;0;0;0;;;;0;0;0;0;0;0;0;0;0;;;;;0;;0;0;0;0;;;0;0;;;;;;;;;
170;Sword of Justice;Sword of Justice (170);0;1;0;15;3;4;3;;;1;0;0;0;0;0;0;171;;1;;0;0;0;0;;1;1;0;0;0;;;;0;0;0;0;0;0;0;0;0;;;;;0;;0;0;0;0;;;0;0;;;;;;;;;
171;Small Area Fire;Small Area Fire (171);0;0;0;14;0;0;0;;;1;1;0;1;0;1;0;0;;;;1;0;0;0;;1;1;0;0;0;;;;0;0;0;0;0;0;0;0;0;;;;;0;;0;0;0;0;;;0;0;;;;;;;;;
172;Magic Sceptre;Magic Sceptre (172);0;0;0;0;1;0;1;;;1;0;0;0;0;0;0;0;;;1;0;0;0;0;;1;1;0;0;0;;;;0;0;0;0;0;0;0;0;0;;;;;0;;0;0;0;0;;;0;0;;;;;;;;;
173;Star of Heroes;Star of Heroes (173);0;0;0;12;4;-2;2;;;1;0;0;0;0;0;174;0;;;1;0;0;0;0;;1;1;0;0;0;;;;0;0;0;0;0;0;0;0;0;;;;;0;;0;1;0;0;;;0;0;;;;;;;;;
174;Break Armor;Break Armor (174);0;0;0;spc;0;0;0;;;1;0;1;1;0;0;0;0;;;;0;0;0;0;;1;0;1;0;0;;;;0;0;0;0;0;0;0;0;0;;;;;0;;0;0;0;0;;;0;0;;;;;1024;destroys target's armor;;;
175;Chi Kick;Chi Kick (175);0;0;0;0;0;0;0;;;1;0;0;0;0;0;0;0;;;1;0;0;0;0;;1;1;0;0;0;;;;0;0;0;0;0;0;0;0;0;;;;;0;;0;0;0;0;;;0;0;;;;;;;;;
176;Stone Bird;Stone Bird (176);1;0;0;9;0;2;6;;;4;0;0;0;0;0;0;0;;;1;0;0;0;0;;1;1;0;0;0;;;;0;0;0;0;0;0;0;0;0;;;;;0;;0;0;0;0;;;0;0;;;;;;;;;
177;Astral Serpent;Astral Serpent (177);1;0;0;3;3;0;3;;;1;0;1;1;0;0;52;0;1;;;0;0;0;0;;1;1;0;0;0;;;;0;0;0;0;0;0;0;0;0;;;;;0;;0;0;0;0;;;0;0;;;;;;;;;
178;Summer Sword;Summer Sword (178);0;0;0;9;0;1;2;;;1;0;0;0;0;0;0;0;;1;;0;0;0;0;;1;1;0;0;0;;;;0;0;0;0;0;0;0;0;0;;;;;0;;0;0;0;0;;;0;0;;;;;;;;;
179;Sword of Aurgelmer;Sword of Aurgelmer (179);0;0;0;13;2;2;2;;;1;0;0;0;0;0;118;0;;1;;0;0;0;0;;1;1;0;0;0;;;;0;0;0;0;0;0;0;0;0;;;;;0;;0;0;0;0;;;0;0;;;;;;;;;
180;Ethereal Crossbow;Ethereal Crossbow (180);0;1;0;999;5;;;35;12;-2;0;1;1;1;0;0;0;1;;;0;0;0;0;;1;1;0;0;0;;;;0;0;0;0;0;0;0;0;0;;;;;0;;0;0;0;0;;;0;0;;;;;;;;;
181;Implementor Axe;Implementor Axe (181);0;1;0;10;1;0;3;;;1;0;0;0;0;0;0;0;;1;;0;0;0;0;;1;1;0;0;0;;;;0;0;0;0;0;0;0;0;0;;;;;0;;0;0;0;0;;;0;0;;;;;;;;;
182;Trunk;Trunk (182);1;0;0;-3;0;0;0;;;1;0;0;0;0;0;0;0;;;1;0;0;0;0;;0;1;0;0;0;;;;0;0;0;0;0;0;0;0;0;;;;;0;;0;0;0;0;;;0;0;;;;;;;;;
183;Snake Bladder Stick;Snake Bladder Stick (183);0;0;0;5;0;1;3;;;1;0;1;1;0;4;0;0;;;;0;0;1;0;;1;1;0;0;0;;;;0;1;0;0;0;0;0;0;0;;;;;0;;0;0;0;0;;;0;0;;;;;;;;;
184;Hammer of the Forge Lord;Hammer of the Forge Lord (184);0;1;0;20;1;0;3;;;1;0;0;0;0;0;0;171;;;1;0;0;0;0;;1;1;0;0;0;;;;0;0;0;0;0;0;0;0;0;;;;;0;;0;0;0;0;;;0;0;;;;;;;;;
185;Lightning Swarm;Lightning Swarm (185);1;0;0;6;0;0;3;;;1;0;1;1;0;0;0;0;;;;0;0;0;1;;1;1;0;0;0;;;;0;0;0;0;0;0;0;0;0;;;;;0;;0;0;0;0;;;0;0;;;;;;;;;
186;The Admiral's Sword;The Admiral's Sword (186);0;0;0;12;5;2;2;;;1;1;0;0;0;0;118;0;;1;;0;0;0;0;;1;1;0;0;0;;;;0;0;0;0;0;0;0;0;0;;;;;0;;0;0;0;0;;;0;0;;;;;;;;;
187;Pain Sickle;Pain Sickle (187);0;0;0;5;4;4;1;;;1;1;0;0;0;0;64;0;;1;;0;0;0;0;;1;1;0;0;0;;;;0;0;0;0;0;0;0;0;0;;;;;0;;0;0;0;0;;;0;0;;;;;;;;;
188;Tartarian Chains;Tartarian Chains (188);0;0;0;5;3;-2;3;;;2;0;0;0;0;0;189;0;;;1;0;0;0;0;;1;1;0;0;0;;;;0;0;0;0;0;0;0;0;0;;;;;0;;0;1;0;0;;;0;0;;;;;;;;;
189;Enslavement;Enslavement (189);0;0;0;999;0;0;0;;;1;0;1;1;1;0;0;0;;;;0;0;0;0;;1;0;0;0;0;;;;0;0;0;0;0;0;0;1;0;;;;;0;;1;0;0;0;;;0;0;;;;;;;;;
190;Phantasmal Claw;Phantasmal Claw (190);0;0;0;0;0;0;0;;;1;0;0;0;1;0;0;0;;;;0;0;0;0;;1;1;0;0;0;;;;0;0;0;0;0;0;0;0;0;;;;;0;;0;0;0;0;;;0;0;;;;;;;;;
191;Ember;Ember (191);0;0;0;15;5;3;2;;;1;0;0;0;0;0;0;192;;1;;0;0;0;0;;1;1;0;0;0;;;;0;0;0;0;0;0;0;0;0;;;;;0;;0;0;0;0;;;0;0;;;;;;;;;
192;Small Area Frost and Fire;Small Area Frost and Fire (192);0;0;0;15;0;0;0;;;1;1;0;1;0;1;0;171;;;;0;1;0;0;;1;1;0;0;0;;;;0;0;0;0;0;0;0;0;0;;;;;0;;0;0;0;0;;;0;0;;;;;;;;;
193;Trident from Beyond;Trident from Beyond (193);0;0;0;13;1;1;4;;;1;0;0;0;0;0;194;0;1;;;0;0;0;0;;1;1;0;0;0;;;;0;0;0;0;0;0;0;0;0;;;;;0;;0;0;0;0;;;0;0;;;;;;;;;
194;Soul Slay;Soul Slay (194);0;0;0;999;0;0;0;;;1;0;1;1;1;0;0;0;;;;0;0;0;0;;1;1;0;0;0;;;;0;0;0;0;0;0;0;0;0;;;;;0;;1;0;0;0;;;0;0;;;;;;;;;
195;Sword of Many Colors;Sword of Many Colors (195);0;1;0;17;3;5;3;;;1;0;0;0;0;0;0;196;;1;;0;0;0;0;;1;1;0;0;0;;;;0;0;0;0;0;0;0;0;0;;;;;0;;0;0;0;0;;;0;0;;;;;;;;;
196;Killing Light;Killing Light (196);0;0;0;10;0;0;0;;;1;0;1;1;1;5;0;0;;;;0;0;0;0;;1;1;0;0;0;;;;0;0;0;0;0;0;0;0;0;;;;;0;;0;0;0;0;;;0;0;;;;;;;;;
197;Gaze of Death;Gaze of Death (197);1;0;0;15;100;;;20;10;1;0;1;1;0;5;0;0;;;;0;0;0;0;;1;1;0;0;0;;;;0;0;0;0;0;0;0;0;0;;;;;0;;1;0;0;0;;;0;0;;;;;;;;;
198;Flame Burst;Flame Burst (198);0;0;0;10;0;0;1;;;1;1;0;1;0;0;0;0;;;;1;0;0;0;;1;1;0;0;0;;;;0;0;0;0;0;0;0;0;0;;;;;0;;0;0;0;0;;;0;0;;;;;;;;;
199;Banefire Bow;Banefire Bow (199);0;1;0;9;0;;;30;12;1;1;0;1;0;0;64;0;1;;;0;0;0;0;;1;1;0;0;0;;;;0;0;0;0;0;0;0;0;0;;;;;0;;0;0;0;0;;;0;0;;;;;;;;;
200;Bane Burst;Bane Burst (200);0;0;0;spc;0;0;1;;;1;0;0;1;1;0;0;0;;;;0;0;0;0;;1;0;1;0;0;;;;0;0;0;0;0;0;0;0;0;;;;;0;;0;0;0;0;;;0;0;;;;;256;spell effect: Decay;;;
201;Magic Spear;Magic Spear (201);0;0;0;5;2;0;5;;;1;0;0;0;0;0;0;0;1;;;0;0;0;0;;1;1;0;0;0;;;;0;0;0;0;0;0;0;0;0;;;;;0;;0;0;0;0;;;0;0;;;;;;;;;
202;Magic Sword;Magic Sword (202);0;0;0;7;2;2;2;;;1;0;0;0;0;0;0;0;;1;;0;0;0;0;;1;1;0;0;0;;;;0;0;0;0;0;0;0;0;0;;;;;0;;0;0;0;0;;;0;0;;;;;;;;;
203;Barbed Tail;Barbed Tail (203);1;0;0;-2;0;0;0;;;1;0;0;0;0;0;54;0;1;;;0;0;0;0;;1;1;0;0;0;;;;0;0;0;0;0;0;0;0;0;;;;;0;;0;0;0;0;;;0;0;;;;;;;;;
204;Shark Bite;Shark Bite (204);1;0;0;22;1;-1;5;;;1;0;0;1;0;0;0;0;;1;;0;0;0;0;;0;1;0;0;0;;;;0;0;0;0;0;0;0;0;0;;;;;0;;0;0;0;0;;;0;0;;;;;;;;;
205;Sword of Injustice;Sword of Injustice (205);0;0;0;6;3;2;2;;;1;0;0;0;0;0;64;0;;1;;0;0;0;0;;1;1;0;0;0;;;;0;0;0;0;0;0;0;0;0;;;;;0;;0;0;0;0;;;0;0;;;;;;;;;
206;Ballista;Ballista (206);0;1;0;25;-2;;;70;10;-3;1;0;1;0;0;0;0;1;;;0;0;0;0;;0;1;0;0;0;;;;0;0;0;0;0;0;0;0;0;;;;;0;;0;1;0;0;;;0;0;;;;;;;;;
207;Venomous Claw;Venomous Claw (207);0;0;0;0;0;0;0;;;1;0;0;0;0;0;50;0;;1;;0;0;0;0;;1;1;0;0;0;;;;0;0;0;0;0;0;0;0;0;;;;;0;;0;0;0;0;;;0;0;;;;;;;;;
208;Thunder Whip;Thunder Whip (208);0;0;0;10;0;0;5;;;1;0;1;1;0;0;0;0;;;;0;0;0;1;;1;1;0;0;0;;;;0;0;0;0;0;0;0;0;0;;;;;0;;0;0;0;0;;;0;0;;;;;;;;;
209;Fire Javelin;Fire Javelin (209);0;0;0;2;-2;;;-1;2;1;0;0;0;0;0;216;0;1;;;0;0;0;0;;1;1;0;0;0;;;;0;0;0;0;0;0;0;0;0;;;;;0;;0;0;0;0;;;0;0;;;;;;;;;
210;Fire Sling;Fire Sling (210);0;1;0;8;-3;;;20;15;1;0;0;1;0;0;216;0;;;1;0;0;0;0;;1;1;0;0;0;;;;0;0;0;0;0;0;0;0;0;;;;;0;;0;0;0;0;;;0;0;;;;;;;;;
211;Fire Short Bow;Fire Short Bow (211);0;1;0;9;0;;;30;12;1;0;0;1;0;0;216;0;1;;;0;0;0;0;;1;1;0;0;0;;;;0;0;0;0;0;0;0;0;0;;;;;0;;0;0;0;0;;;0;0;;;;;;;;;
212;Fire Long Bow;Fire Long Bow (212);0;1;0;12;0;;;40;12;1;0;0;1;0;0;216;0;1;;;0;0;0;0;;1;1;0;0;0;;;;0;0;0;0;0;0;0;0;0;;;;;0;;0;0;0;0;;;0;0;;;;;;;;;
213;Fire Crossbow;Fire Crossbow (213);0;1;0;11;2;;;35;12;-2;1;0;1;0;0;216;0;1;;;0;0;0;0;;1;1;0;0;0;;;;0;0;0;0;0;0;0;0;0;;;;;0;;0;0;0;0;;;0;0;;;;;;;;;
214;Fire Arbalest;Fire Arbalest (214);0;1;0;15;2;;;45;10;-3;1;0;1;0;0;216;0;1;;;0;0;0;0;;1;1;0;0;0;;;;0;0;0;0;0;0;0;0;0;;;;;0;;0;0;0;0;;;0;0;;;;;;;;;
215;Fire Boulder;Fire Boulder (215);0;1;0;20;0;;;-3;2;1;0;0;0;0;0;0;171;;;1;0;0;0;0;;1;1;0;0;0;;;;0;0;0;0;0;0;0;0;0;;;;;0;;0;1;0;0;;;0;0;;;;;;;;;
216;Fire;Fire (216);0;0;0;8;0;0;0;;;1;1;0;1;0;0;0;0;;;;1;0;0;0;;1;1;0;0;0;;;;0;0;0;0;0;0;0;0;0;;;;;0;;0;0;0;0;;;0;0;;;;;;;;;
217;Fire Bow of War;Fire Bow of War (217);0;1;0;10;0;;;35;7;13;0;0;1;0;0;216;0;1;;;0;0;0;0;;1;1;0;0;0;;;;0;0;0;0;0;0;0;0;0;;;;;0;;0;0;0;0;;;0;0;;;;;;;;;
218;Star of Thraldom;Star of Thraldom (218);0;0;0;10;6;-2;2;;;1;0;0;0;0;0;219;0;;;1;0;0;0;0;;1;1;0;0;0;;;;0;0;0;0;0;0;0;0;0;;;;;0;;0;1;0;0;;;0;0;;;;;;;;;
219;False Fetters;False Fetters (219);0;0;0;spc;0;0;0;;;1;0;0;1;1;1;0;0;;;;0;0;0;0;;1;0;1;0;0;;;;0;0;0;0;0;0;0;0;0;;;;;0;;0;0;0;0;;;0;0;;;;;131072;spell effect: False Fetters;;;
220;Enchanted Pike;Enchanted Pike (220);0;1;0;9;3;1;6;;;1;0;0;0;0;0;0;0;1;;;0;0;0;0;;1;1;0;0;0;;;;0;0;0;0;0;0;0;0;0;;;;;0;;0;0;0;0;;;0;0;;;;;;;;;
221;Fire;Fire (221);0;0;0;12;0;0;0;;;1;1;0;1;0;0;0;0;;;;1;0;0;0;;1;1;0;0;0;;;;0;0;0;0;0;0;0;0;0;;;;;0;;0;0;0;0;;;0;0;;;;;;;;;
222;Cold;Cold (222);0;0;0;12;0;0;0;;;1;1;0;1;0;0;0;0;;;;0;1;0;0;;1;0;0;0;1;;;;0;0;0;0;0;0;0;0;0;;;;;0;;0;0;0;0;;;0;0;;;;;;;;;
223;Venomous Bite;Venomous Bite (223);1;0;0;2;0;-1;0;;;1;0;0;0;0;0;50;0;;1;;0;0;0;0;;0;1;0;0;0;;;;0;0;0;0;0;0;0;0;0;;;;;0;;0;0;0;0;;;0;0;;;;;;;;;
224;Poison Spit;Poison Spit (224);0;0;0;10;0;;;-1;5;1;0;1;1;0;0;0;0;;;;0;0;1;0;;1;0;0;0;0;;;;0;1;0;0;0;0;0;0;0;;;;;0;;0;0;0;0;;;0;0;;;;;;;;;
225;Fire Breath;Fire Breath (225);0;0;0;15;0;;;10;5;1;1;0;1;0;1;0;0;;;;1;0;0;0;;1;1;0;0;0;;;;0;0;0;0;0;0;0;0;0;;;;;0;;0;0;0;0;;;0;0;;;;;;;;;
226;Frost Breath;Frost Breath (226);0;0;0;9;0;;;10;5;1;1;0;1;0;2;0;0;;;;0;1;0;0;;1;1;0;0;0;;;;0;0;0;0;0;0;0;0;0;;;;;0;;0;0;0;0;;;0;0;;;;;;;;;
227;Divine Armament;Divine Armament (227);0;0;0;5;0;0;0;;;1;1;0;1;0;0;0;0;;;;1;0;0;0;;1;0;0;0;0;;;;0;0;0;1;0;0;0;0;0;;;;;0;;0;0;0;0;;;0;0;;;;;;;;;
228;Elf Shot;Elf Shot (228);0;0;0;100;0;;;30;20;1;0;1;1;1;0;0;0;1;;;0;0;0;0;;1;0;0;0;1;;;;0;0;0;0;0;0;0;0;0;;;;;0;;0;0;0;0;;;0;0;;;;;;;;;
229;Flame Strike;Flame Strike (229);1;0;0;0;0;0;3;;;1;1;0;0;0;1;0;0;;;;1;0;0;0;;1;1;0;0;0;;;;0;0;0;0;0;0;0;0;0;;;;;0;;0;0;0;0;;;0;0;;;;;;;;;
230;Owl;Owl (230);1;0;0;13;0;0;6;;;1;0;0;1;0;0;0;0;;1;;0;0;0;0;;0;1;0;0;0;;;;0;0;0;0;0;0;0;0;0;;;;;0;;0;0;0;0;;;0;0;;;;;;;;;
231;Thunder Fist;Thunder Fist (231);0;0;0;-2;0;0;0;;;1;0;0;0;0;0;232;0;;;1;0;0;0;0;;1;1;0;0;0;;;;0;0;0;0;0;0;0;0;0;;;;;0;;0;0;0;0;;;0;0;;;;;;;;;
232;Shock;Shock (232);0;0;0;10;0;0;0;;;1;0;1;1;0;0;0;0;;;;0;0;0;1;;1;1;0;0;0;;;;0;0;0;0;0;0;0;0;0;;;;;0;;0;0;0;0;;;0;0;;;;;;;;;
233;Rune Smasher;Rune Smasher (233);0;0;0;7;2;1;1;;;1;0;0;0;0;0;0;0;;;1;0;0;0;0;;1;1;0;0;0;;;;0;0;0;0;0;0;0;0;0;;;;;0;;0;0;0;0;;;0;0;;;;;;;;;
234;Jotun Spear;Jotun Spear (234);0;0;1;3;0;0;5;;;1;0;0;0;0;0;0;0;1;;;0;0;0;0;;0;1;0;0;0;;;;0;0;0;0;0;0;0;0;0;;;;;0;;0;0;0;0;;;0;0;;;;;;;;;
235;Pincer;Pincer (235);0;0;0;1;0;0;0;;;1;0;0;0;0;0;0;0;;;;0;0;0;0;;0;1;0;0;0;;;;0;0;0;0;0;0;0;0;0;;;;;0;;0;0;0;0;;;0;0;;;;;;;;;
236;Claw;Claw (236);1;0;0;16;0;0;0;;;1;0;0;1;0;0;0;0;;1;;0;0;0;0;;0;1;0;0;0;;;;0;0;0;0;0;0;0;0;0;;;;;0;;0;0;0;0;;;0;0;;;;;;;;;
237;Bite;Bite (237);1;0;0;18;0;0;0;;;1;0;0;1;0;0;0;0;;1;;0;0;0;0;;0;1;0;0;0;;;;0;0;0;0;0;0;0;0;0;;;;;0;;0;0;0;0;;;0;0;;;;;;;;;
238;Magic Staff;Magic Staff (238);0;1;0;3;2;4;4;;;1;0;0;0;0;0;0;0;;;1;0;0;0;0;;1;1;0;0;0;;;;0;0;0;0;0;0;0;0;0;;;;;0;;0;0;0;0;;;0;0;;;;;;;;;
239;Venomous Fangs;Venomous Fangs (239);1;0;0;-2;0;-1;0;;;1;0;0;0;0;0;51;0;1;;;0;0;0;0;;0;1;0;0;0;;;;0;0;0;0;0;0;0;0;0;;;;;0;;0;0;0;0;;;0;0;;;;;;;;;
240;Branch;Branch (240);0;0;0;0;0;0;0;;;1;0;0;0;0;0;0;0;;;1;0;0;0;0;;0;1;0;0;0;;;;0;0;0;0;0;0;0;0;0;;;;;0;;0;0;0;0;;1;0;0;;;;;;;;;
241;Hell Sword;Hell Sword (241);0;1;0;9;3;0;3;;;1;0;0;0;0;0;0;0;;1;;0;0;0;0;;1;0;0;0;0;;;;0;0;0;0;0;0;0;0;0;;;;;0;;0;0;0;0;;;0;1;;;;;;;;;
242;Hunter's Knife;Hunter's Knife (242);0;0;0;3;2;0;0;;;1;1;0;0;0;0;0;0;1;;;0;0;0;0;;1;1;0;0;0;;;;0;0;0;0;0;0;0;0;0;;;;;0;;0;0;0;0;;;0;0;;;;;;;;;
243;Lightning;Lightning (243);0;0;0;10;3;;;30;10;1;0;1;0;0;0;0;0;;;;0;0;0;1;;1;1;0;0;0;;;;0;0;0;0;0;0;0;0;0;;;;;0;;0;0;0;0;;;0;0;;;;;;;;;
244;Dark Fire Sword;Dark Fire Sword (244);0;1;0;15;4;2;3;;;1;1;0;0;0;0;221;0;;1;;0;0;0;0;;1;1;0;0;0;;;;0;0;0;0;0;0;0;0;0;;;;;0;;0;0;0;0;;;0;0;;;;;;;;;
245;Axe of Sharpness;Axe of Sharpness (245);0;0;0;10;1;0;1;;;1;1;0;0;0;0;0;0;;1;;0;0;0;0;;1;1;0;0;0;;;;0;0;0;0;0;0;0;0;0;;;;;0;;0;0;0;0;;;0;0;;;;;;;;;
246;Elf Bane;Elf Bane (246);0;0;0;12;1;0;1;;;1;1;0;0;0;0;247;0;;1;;0;0;0;0;;1;1;0;0;0;;;;0;0;0;0;0;0;0;0;0;;;;;0;;0;0;0;0;;;0;0;;;;;;;;;
247;Slay Magic;Slay Magic (247);0;0;0;999;0;0;0;;;1;0;1;0;1;0;0;0;;;;0;0;0;0;;1;0;0;0;0;;;;0;0;0;0;0;0;0;0;0;;;;;1;;0;0;0;0;;;0;0;;;;;;;;;
248;Venomous Claw;Venomous Claw (248);0;0;0;0;0;0;0;;;1;0;0;0;0;0;50;0;;1;;0;0;0;0;;0;1;0;0;0;;;;0;0;0;0;0;0;0;0;0;;;;;0;;0;0;0;0;;;0;0;;;;;;;;;
249;Venomous Claw;Venomous Claw (249);0;0;0;0;0;0;0;;;1;0;0;0;0;0;51;0;;1;;0;0;0;0;;0;1;0;0;0;;;;0;0;0;0;0;0;0;0;0;;;;;0;;0;0;0;0;;;0;0;;;;;;;;;
250;Poisoned Claw;Poisoned Claw (250);0;0;0;0;0;0;0;;;1;0;0;0;0;0;53;0;;1;;0;0;0;0;;0;1;0;0;0;;;;0;0;0;0;0;0;0;0;0;;;;;0;;0;0;0;0;;;0;0;;;;;;;;;
251;Venomous Fangs;Venomous Fangs (251);1;0;0;-2;0;-1;0;;;1;0;0;0;0;0;54;0;1;;;0;0;0;0;;0;1;0;0;0;;;;0;0;0;0;0;0;0;0;0;;;;;0;;0;0;0;0;;;0;0;;;;;;;;;
252;Club;Club (252);0;0;0;3;0;0;1;;;1;0;0;0;0;0;0;0;;;1;0;0;0;0;;0;1;0;0;0;;;;0;0;0;0;0;0;0;0;0;;;;;0;;0;0;0;0;;;0;0;;;;;;;;;
253;Hatchet;Hatchet (253);0;0;1;5;1;0;1;;;1;0;0;0;0;0;0;0;;1;;0;0;0;0;;0;1;0;0;0;;;;0;0;0;0;0;0;0;0;0;;;;;0;;0;0;0;0;;;0;0;;;;;;;;;
254;Plague Breath;Plague Breath (254);0;0;0;spc;0;;;-1;5;1;0;0;1;1;10;0;255;;;;0;0;0;0;;1;0;1;0;0;;;;0;0;0;0;0;0;0;0;0;;;;;0;;0;0;0;0;;;0;0;;;;;1;;;;
255;Area Fear;Area Fear (255);0;0;0;4;0;0;0;;;1;0;1;1;0;10;0;0;;;;0;0;0;0;;1;0;0;0;0;;1;;0;0;0;0;0;0;0;0;0;;;;;0;;0;0;0;0;;;0;0;;;;;;damage to morale;;;
256;Kryss;Kryss (256);0;0;1;3;0;0;1;;;1;0;0;0;0;0;0;0;1;;;0;0;0;0;;0;1;0;0;0;;;;0;0;0;0;0;0;0;0;0;;;;;0;;0;0;0;0;;;0;0;;;;;;;;;
257;Bardiche;Bardiche (257);0;1;4;6;0;-1;5;;;1;0;0;0;0;0;0;0;;1;;0;0;0;0;;0;1;0;0;0;;;;0;0;0;0;0;0;0;0;0;;;;;0;;0;0;0;0;;;0;0;;;;;;;;;
258;Claymore;Claymore (258);0;1;5;10;1;1;3;;;1;0;0;0;0;0;0;0;;1;;0;0;0;0;;0;1;0;0;0;;;;0;0;0;0;0;0;0;0;0;;;;;0;;0;0;0;0;;;0;0;;;;;;;;;
259;Executioner's Axe;Executioner's Axe (259);0;1;4;10;-1;-1;3;;;1;0;0;0;0;0;0;0;;1;;0;0;0;0;;0;1;0;0;0;;;;0;0;0;0;0;0;0;0;0;;;;;0;;0;0;0;0;;;0;0;;;;;;;;;
260;Throwing Axe;Throwing Axe (260);0;0;2;5;-4;;;-1;2;1;0;0;0;0;0;0;0;;1;;0;0;0;0;;0;1;0;0;0;;;;0;0;0;0;0;0;0;0;0;;;;;0;;0;0;0;0;;;0;0;;;;;;;;411;4
261;Web;Web (261);1;0;0;spc;0;0;0;;;1;0;0;1;0;0;0;0;;;;0;0;0;0;;0;0;1;0;0;;;;0;0;0;0;0;0;0;0;0;;;;;0;;0;0;0;0;;;0;0;;;;;536870912;web;;;
262;Web Spit;Web Spit (262);1;0;0;spc;0;;;8;4;1;0;0;0;0;1;0;0;;;;0;0;0;0;;0;0;1;0;0;;;;0;0;0;0;0;0;0;0;0;;;;;0;;0;0;0;0;;;0;0;;;;;536870912;web;;;
263;Net;Net (263);1;0;1;spc;0;0;4;;;1;0;0;0;0;0;0;0;;;;0;0;0;0;;0;0;1;0;0;;;;0;0;0;0;0;0;0;0;0;;;;;0;;0;0;0;1;1;;0;0;;;;;536870912;web;;;
264;Composite Bow;Composite Bow (264);0;1;3;11;1;;;35;12;1;0;0;1;0;0;0;0;1;;;0;0;0;0;;0;1;0;0;0;;;;0;0;0;0;0;0;0;0;0;;;;;0;;0;0;0;0;;;0;0;;;;;;;;109;
265;Spiked Club;Spiked Club (265);0;0;1;4;0;0;1;;;1;0;0;0;0;0;0;0;1;;1;0;0;0;0;;0;1;0;0;0;;;;0;0;0;0;0;0;0;0;0;;;;;0;;0;0;0;0;;;0;0;;;;;;;;;
266;Great Bow;Great Bow (266);0;1;4;14;0;;;45;12;1;0;0;0;0;0;0;0;1;;;0;0;0;0;;0;1;0;0;0;;;;0;0;0;0;0;0;0;0;0;;;;;0;;0;0;0;0;;;0;0;;;;;;;;;
267;Pick Axe;Pick Axe (267);0;1;3;8;-2;-2;2;;;1;0;0;0;0;0;0;0;1;;;0;0;0;0;;0;1;0;0;0;;;;0;0;0;0;0;0;0;0;0;;;;;0;;0;0;0;0;;;0;0;;;;;;;;;
268;Jotun Longsword;Jotun Longsword (268);0;0;3;9;0;1;3;;;1;0;0;0;0;0;0;0;;1;;0;0;0;0;;0;1;0;0;0;;;;0;0;0;0;0;0;0;0;0;;;;;0;;0;0;0;0;;;0;0;;;;;;;;;
269;Soul Leech;Soul Leech (269);0;0;0;0;0;0;0;;;1;0;1;0;1;1;0;0;;;;0;0;0;0;;1;0;0;0;0;;;;0;0;0;0;0;0;0;0;0;;;;;0;;1;0;0;0;;;1;0;;;;;;;;;
270;Consume Soul;Consume Soul (270);0;0;0;999;0;0;0;;;1;0;1;1;1;0;0;0;;;;0;0;0;0;;1;0;0;0;0;;;;0;0;0;0;0;0;0;0;0;;;;;0;;1;0;0;0;;;0;0;;;;;;;;;
271;Life Drain Tentacle;Life Drain Tentacle (271);1;0;0;10;0;0;0;;;1;1;0;1;0;0;0;0;;;;0;0;0;0;;1;0;0;0;0;;;;0;0;0;0;0;0;0;0;0;;;;;0;;0;0;0;0;;;1;0;;;;;;;;;
272;Claw of Kurgi;Claw of Kurgi (272);0;0;0;20;5;0;0;;;1;0;1;1;0;0;0;0;;1;;0;0;0;0;;1;1;0;0;0;;;;0;0;0;0;0;0;0;0;0;;;;;0;;0;0;0;0;;;0;0;;;;;;;;;
273;Pincer;Pincer (273);1;0;0;1;0;0;0;;;1;0;0;0;0;0;0;0;;;;0;0;0;0;;0;1;0;0;0;;;;0;0;0;0;0;0;0;0;0;;;;;0;;0;0;0;0;;;0;0;;;;;;;;;
274;Enslave Mind;Enslave Mind (274);1;0;0;999;100;;;25;5;1;0;0;1;1;0;0;0;;;;0;0;0;0;;1;0;0;0;0;;;;0;0;0;0;0;0;0;1;0;;;;;0;;1;0;0;0;;;0;0;;;;;;;;;
275;Sun Sword;Sun Sword (275);0;0;0;15;3;3;2;;;1;0;0;0;0;0;0;276;;1;;0;0;0;0;;1;0;0;0;0;;;;0;0;0;1;0;0;0;0;0;;;;;0;;0;0;0;0;;;0;0;;;;;;;;;
276;Small Area Holy Fire;Small Area Holy Fire (276);0;0;0;6;0;0;0;;;1;1;0;1;0;1;0;0;;;;1;0;0;0;;1;0;0;0;0;;;;0;0;0;1;0;0;0;0;0;;;;;0;;0;0;0;0;;;0;0;;;;;;;;;
277;Demon Whip;Demon Whip (277);0;0;0;2;2;0;5;;;1;0;0;0;0;0;0;171;;1;;0;0;0;0;;1;0;0;1;0;;;;0;0;0;0;0;0;0;0;0;;;;;0;;0;0;0;0;;;0;0;;;;;;;;;
278;Lightning Spear;Lightning Spear (278);0;0;0;4;1;1;4;;;1;0;0;0;0;0;232;0;1;;;0;0;0;0;;1;1;0;0;0;;;;0;0;0;0;0;0;0;0;0;;;;;0;;0;0;0;0;;;0;0;;;;;;;;;
279;Spectral Javelin;Spectral Javelin (279);0;0;0;2;-2;;;-1;2;1;0;0;0;1;0;0;0;;;;0;0;0;0;;1;1;0;0;0;;;;0;0;0;0;0;0;0;0;0;;;;;0;;0;0;0;0;;;0;0;;;;;;;;;
280;Spectral Spear;Spectral Spear (280);0;0;0;3;0;0;4;;;1;0;0;0;1;0;0;0;;;;0;0;0;0;;1;1;0;0;0;;;;0;0;0;0;0;0;0;0;0;;;;;0;;0;0;0;0;;;0;0;;;;;;;;;
281;Spectral Sword;Spectral Sword (281);0;0;0;5;0;1;1;;;1;0;0;0;1;0;0;0;;;;0;0;0;0;;1;1;0;0;0;;;;0;0;0;0;0;0;0;0;0;;;;;0;;0;0;0;0;;;0;0;;;;;;;;;
282;Paralyze;Paralyze (282);0;0;0;5;0;0;0;;;1;0;1;1;1;0;0;0;;;;0;0;0;0;;1;0;0;0;0;;;;1;0;0;0;0;0;0;0;0;;;;;0;;0;0;0;0;;;0;0;;;;;;;;;
283;Paralyze;Paralyze (283);0;0;0;10;0;0;0;;;1;0;1;1;1;0;0;0;;;;0;0;0;0;;1;0;0;0;0;;;;1;0;0;0;0;0;0;0;0;;;;;0;;0;0;0;0;;;0;0;;;;;;;;;
284;Steal Strength;Steal Strength (284);0;0;0;0;0;0;0;;;1;0;1;0;1;0;285;0;;;;0;0;0;0;;1;1;0;0;0;;;;0;0;0;0;0;0;0;0;0;;;;;0;;0;0;0;0;;;0;0;;;;;;;;;
285;Additional Weakness;Additional Weakness (285);0;0;0;2;0;0;0;;;1;0;1;1;1;0;0;0;;;;0;0;0;0;;1;0;0;0;0;;;1;0;0;0;0;0;0;0;0;0;;;;;0;;0;0;0;0;;;0;0;;;;;;drains strength;;;
286;Touch of Leprosy;Touch of Leprosy (286);0;0;0;0;0;0;0;;;1;0;0;0;0;0;143;0;;;;0;0;0;0;;1;1;0;0;0;;;;0;0;0;0;0;0;0;0;0;;;;;0;;0;0;0;0;;;0;0;;;;;;;;;
287;Phantasmal Bow;Phantasmal Bow (287);0;1;0;9;0;;;30;12;1;0;0;0;1;0;0;0;;;;0;0;0;0;;1;1;0;0;0;;;;0;0;0;0;0;0;0;0;0;;;;;0;;0;0;0;0;;;0;0;;;;;;;;;
288;Mictlan Obsidian Sword;Mictlan Obsidian Sword (288);0;1;2;7;0;1;3;;;1;0;0;0;0;0;0;0;;1;1;0;0;0;0;;0;1;0;0;0;;;;0;0;0;0;0;0;0;0;0;;;;;0;;0;0;0;0;;;0;0;;;;;;;;;
289;Moon Blade;Moon Blade (289);0;1;0;11;2;3;3;;;1;0;0;0;0;0;0;0;;1;;0;0;0;0;;1;0;0;0;0;;;;0;0;0;0;1;0;0;0;0;;;;;0;;0;0;0;0;;;0;0;;;;;;;;;
290;Moon Lance;Moon Lance (290);0;0;0;6;1;1;4;;;1;0;0;0;0;0;0;0;1;;;0;0;0;0;;1;0;0;0;0;;;;0;0;0;0;1;0;0;0;0;;;;;0;;0;0;0;0;;;0;0;;;;;;;;;
291;unused;unused (291);0;0;0;6;0;0;5;;;1;1;0;0;0;0;0;0;;;;1;0;0;0;;1;1;0;0;0;;;;0;0;0;0;0;0;0;0;0;;;;;0;;0;0;0;0;;;0;0;;;;;;;;;
292;Fire Blessing;bless fire (292);0;0;0;6;0;0;6;;;1;1;0;1;0;0;0;0;;;;1;0;0;0;;1;1;0;0;0;;;;0;0;0;0;0;0;0;0;0;;;;;0;;0;0;0;0;;;0;0;;;;;;;;;
293;Psychic Damage;Psychic Damage (293);0;0;0;1;0;0;0;;;1;0;1;1;1;0;0;0;;;;0;0;0;0;;1;1;0;0;0;;;;0;0;0;0;0;0;0;0;0;;;;;0;;1;0;0;0;;;0;0;;;;;;;;;
294;Weakness;Weakness (294);0;0;0;2;100;;;30;10;1;0;1;1;1;0;0;0;;;;0;0;0;0;;1;0;0;0;0;;;1;0;0;0;0;0;0;0;0;0;;;;;0;;0;0;0;0;;;0;0;;;;;;drains strength;;;
295;Twin Spear;Twin Spear (295);0;0;0;8;1;1;4;;;1;1;0;0;0;0;0;0;1;;;0;0;0;0;;1;1;0;0;0;;;;0;0;0;0;0;0;0;0;0;;;;;0;;0;0;0;0;;;0;0;;;;;;;;;
296;Twin Spear;Twin Spear (296);0;0;0;8;1;1;4;;;1;1;0;0;0;0;0;0;1;;;0;0;0;0;;1;0;0;0;0;;;;0;0;0;0;0;0;0;0;0;;;;;0;;0;0;0;0;;;0;0;;1;;;;;;;
297;Serpent Kryss;Serpent Kryss (297);0;0;0;4;2;1;0;;;1;1;0;0;0;0;52;0;1;;;0;0;0;0;;1;1;0;0;0;;;;0;0;0;0;0;0;0;0;0;;;;;0;;0;0;0;0;;;0;0;;;;;;;;;
298;Tartarian Chains;Tartarian Chains (298);0;0;0;5;3;-2;5;;;1;0;0;0;0;0;0;0;;;1;0;0;0;0;;1;1;0;0;0;;;;0;0;0;0;0;0;0;0;0;;;;;0;;0;1;0;0;;;0;0;;;;;;;;;
299;Enchanted Sickle;Enchanted Sickle (299);0;0;0;7;2;1;1;;;1;0;0;0;0;0;0;0;;1;;0;0;0;0;;1;1;0;0;0;;;;0;0;0;0;0;0;0;0;0;;;;;0;;0;0;0;0;;;0;0;;;;;;;;;
300;Head Butt;Head Butt (300);0;0;0;0;1;-1;0;;;1;0;0;0;0;0;0;0;;;1;0;0;0;0;;0;1;0;0;0;;;;0;0;0;0;0;0;0;0;0;;;;;0;;0;0;0;0;;;0;0;;;;;;;;;
301;Fire Bola;Fire Bola (301);0;0;0;0;2;;;-1;50;1;0;0;0;0;0;302;0;;;1;0;0;0;0;;1;1;0;0;0;;;;0;0;0;0;0;0;0;0;0;;;;;0;;0;0;0;0;;;0;0;;;;;;;;;
302;Fire Bonds;Fire Bonds (302);0;0;0;spc;0;0;0;;;1;0;0;0;0;0;0;0;;;;0;0;0;0;;1;0;1;0;0;;;;0;0;0;0;0;0;0;0;0;;;;;0;;0;0;0;0;;;0;0;;;;;65536;Fire Bonds;;;
303;Vine Bow;Vine Bow (303);0;1;0;8;0;;;-1;12;1;0;0;1;0;0;137;0;1;;;0;0;0;0;;1;1;0;0;0;;;;0;0;0;0;0;0;0;0;0;;;;;0;;0;0;0;0;;;0;0;;;;;;;;;
304;Evening Star;Evening Star (304);0;0;0;9;6;-2;2;;;1;0;0;0;0;0;305;0;;;1;0;0;0;0;;1;1;0;0;0;;;;0;0;0;0;0;0;0;0;0;;;;;0;;0;1;0;0;;;0;0;;;;;;;;;
305;Fire and Weakness;Fire and Weakness (305);0;0;0;12;0;0;0;;;1;1;0;1;0;0;306;0;;;;1;0;0;0;;1;1;0;0;0;;;;0;0;0;0;0;0;0;0;0;;;;;0;;0;0;0;0;;;0;0;;;;;;;;;
306;Weakness;Weakness (306);0;0;0;2;0;0;0;;;1;0;1;1;0;0;0;0;;;;0;0;0;0;;1;0;0;0;0;;;1;0;0;0;0;0;0;0;0;0;;;;;0;;0;0;0;0;;;0;0;;;;;;drains strength;;;
307;Jotun Battleaxe;Jotun Battleaxe (307);0;1;3;9;0;0;4;;;1;0;0;0;0;0;0;0;;1;;0;0;0;0;;0;1;0;0;0;;;;0;0;0;0;0;0;0;0;0;;;;;0;;0;0;0;0;;;0;0;;;;;;;;;
308;Glaive;Glaive (308);0;1;4;10;-1;1;4;;;1;0;0;0;0;0;0;0;1;1;;0;0;0;0;;0;1;0;0;0;;;;0;0;0;0;0;0;0;0;0;;;;;0;;0;0;0;0;;;0;0;;;;;;;;;
309;Jade Knife;Jade Knife (309);0;0;0;1;1;0;0;;;1;0;0;0;0;0;0;0;1;;;0;0;0;0;;1;1;0;0;0;;;;0;0;0;0;0;0;0;0;0;;;;;0;;0;0;0;0;;;0;0;;;;;;;;;
310;Infernal Scythe;Infernal Scythe (310);0;0;0;12;-1;-2;4;;;1;0;0;0;0;0;441;0;;1;;0;0;0;0;;1;1;0;0;0;;;;0;0;0;0;0;0;0;0;0;;;;;0;;0;0;0;0;;;0;0;;;;;;;;;
311;Mind Blast;Mind Blast (311);1;0;0;10;100;;;100;10;1;0;1;1;1;0;293;0;;;;0;0;0;0;;1;0;0;0;0;;;;1;0;0;0;0;0;0;0;0;;;;;0;;1;0;0;0;;;0;0;;;;;;;;;
312;Bane Dagger;Bane Dagger (312);0;0;1;3;2;0;1;;;1;0;0;0;0;0;64;0;1;;;0;0;0;0;;1;1;0;0;0;;;;0;0;0;0;0;0;0;0;0;;;;;0;;0;0;0;0;;;0;0;;;;;;;;;
313;Spider Fangs;Spider Fangs (313);1;0;0;14;0;-1;0;;;1;0;0;1;0;0;316;0;1;;;0;0;0;0;;0;1;0;0;0;;;;0;0;0;0;0;0;0;0;0;;;;;0;;0;0;0;0;;;0;0;;;;;;;;;
314;Spider Fangs;Spider Fangs (314);1;0;0;16;0;-1;0;;;1;0;0;1;0;0;316;0;1;;;0;0;0;0;;0;1;0;0;0;;;;0;0;0;0;0;0;0;0;0;;;;;0;;0;0;0;0;;;0;0;;;;;;;;;
315;Machaka Spear;Machaka Spear (315);0;0;3;5;-1;-1;5;;;1;0;0;0;0;0;0;0;1;;;0;0;0;0;;0;1;0;0;0;;;;0;0;0;0;0;0;0;0;0;;;;;0;;0;0;0;0;;;0;0;;;;;;;;;
316;Death Poison and Web;Death Poison and Web (316);0;0;0;35;0;0;0;;;1;0;0;1;0;0;261;0;;;;0;0;1;0;;0;0;0;0;0;;;;0;1;0;0;0;0;0;0;0;;;;;0;;0;0;0;0;;;0;0;;;;;;;;;
317;Rake;Rake (317);0;0;1;1;-1;-1;5;;;1;0;0;0;0;0;0;0;;;1;0;0;0;0;;0;1;0;0;0;;;;0;0;0;0;0;0;0;0;0;;;;;0;;0;0;0;0;;;0;0;;;;;;;;;
318;Snake Staff;Snake Staff (318);0;1;1;3;1;3;4;;;1;0;0;0;0;0;50;0;1;;1;0;0;0;0;;1;1;0;0;0;;;;0;0;0;0;0;0;0;0;0;;;;;0;;0;0;0;0;;;0;0;;;;;;;;;
319;Bite;Bite (319);1;0;0;2;0;-1;0;;;1;1;0;0;0;0;0;0;;1;;0;0;0;0;;0;1;0;0;0;;;;0;0;0;0;0;0;0;0;0;;;;;0;;0;0;0;0;;;0;0;;;;;;;;;
320;Flaming Fist;Flaming Fist (320);0;0;0;-2;0;0;0;;;1;0;0;0;0;0;216;0;;;1;0;0;0;0;;1;1;0;0;0;;;;0;0;0;0;0;0;0;0;0;;;;;0;;0;0;0;0;;;0;0;;;;;;;;;
321;Flaming Wheel;Flaming Wheel (321);0;0;0;0;0;;;30;10;1;1;0;0;0;0;0;0;;;;1;0;0;0;;1;1;0;0;0;;;;0;0;0;0;0;0;0;0;0;;;;;0;;0;0;0;0;;;0;0;;;;;;;;;
322;Bite;Bite (322);1;0;0;2;0;-1;0;;;1;0;0;0;0;0;0;0;;1;;0;0;0;0;;0;1;0;0;0;;;;0;0;0;0;0;0;0;0;0;;;;;0;;0;0;0;0;;;0;0;;;;;;;;;
323;Venomous Bite;Venomous Bite (323);1;0;0;2;0;-1;0;;;1;0;0;0;0;0;50;0;;1;;0;0;0;0;;0;1;0;0;0;;;;0;0;0;0;0;0;0;0;0;;;;;0;;0;0;0;0;;;0;0;;;;;;;;;
324;Poison Spit;Poison Spit (324);0;0;0;10;0;;;-1;5;1;0;1;1;0;0;0;0;;;;0;0;1;0;;1;0;0;0;0;;;;0;1;0;0;0;0;0;0;0;;;;;0;;0;0;0;0;;;0;0;;;;;;;;;
325;Venomous Fangs;Venomous Fangs (325);1;0;0;-2;0;-1;0;;;1;0;0;0;0;0;51;0;1;;;0;0;0;0;;0;1;0;0;0;;;;0;0;0;0;0;0;0;0;0;;;;;0;;0;0;0;0;;;0;0;;;;;;;;;
326;Iron Crutch;Iron Crutch (326);0;0;2;3;-1;-1;2;;;1;0;0;0;0;0;0;0;;;1;0;0;0;0;;0;1;0;0;0;;;;0;0;0;0;0;0;0;0;0;;;;;0;;0;0;0;0;;;0;0;;;;;;;;;
327;Smasher;Smasher (327);0;0;0;10;1;0;1;;;1;0;0;0;0;0;328;0;;;1;0;0;0;0;;1;1;0;0;0;;;;0;0;0;0;0;0;0;0;0;;;;;0;;0;0;0;0;;;0;0;;;;;;;;;
328;Shatter;Shatter (328);0;0;0;20;0;0;0;;;1;0;1;1;0;0;0;0;;;;0;0;0;0;;1;0;0;0;0;;;;0;0;0;0;0;0;0;0;1;;;;;0;;0;0;0;0;;;0;0;;;;;;;;;
329;Slime;Slime (329);0;0;0;spc;5;0;4;;;1;0;1;1;1;0;0;0;;;;0;0;0;0;;1;0;1;0;0;;;;0;0;0;0;0;0;0;0;0;;;;;0;;0;0;0;0;;;0;0;;;;;134217728;spell effect: Slime;;;
330;Alicorn;Alicorn (330);1;0;0;14;0;0;2;;;1;0;0;1;0;0;0;0;1;;;0;0;0;0;;1;1;0;0;0;;;;0;0;0;0;0;0;0;0;0;;;;;0;;0;0;0;0;;;0;0;;;;;;;;;
331;Gore;Gore (331);1;0;0;0;-1;-1;0;;;1;0;0;0;0;0;0;0;;1;;0;0;0;0;;0;1;0;0;0;;;;0;0;0;0;0;0;0;0;0;;;;;0;;0;0;0;0;;;0;0;;;;;;;;;
332;Vision's Foe;Vision's Foe (332);0;1;0;16;10;;;45;10;-3;0;1;1;0;0;333;0;1;;;0;0;0;0;;1;1;0;0;0;;;;0;0;0;0;0;0;0;0;0;;;;;0;;0;0;0;0;;;0;0;;;;;;;;;
333;Eyeloss;Eyeloss (333);0;0;0;spc;0;0;0;;;1;0;0;0;0;0;0;0;;;;0;0;0;0;;1;0;1;0;0;;;;0;0;0;0;0;0;0;0;0;;;;;0;;0;0;0;0;;;0;0;;;;;524288;affliction: lost an eye;;;
334;...;... (334);0;1;0;10;2;-2;1;;;2;0;0;0;0;0;335;0;;;;0;0;0;0;;1;1;0;0;0;;;;0;0;0;0;0;0;0;0;0;;;;;0;;0;0;0;0;;;0;0;;;;;;;;;
335;Armloss;Armloss (335);0;0;0;spc;0;0;0;;;1;0;0;0;0;0;0;0;;;;0;0;0;0;;1;0;1;0;0;;;;0;0;0;0;0;0;0;0;0;;;;;0;;0;0;0;0;;;0;0;;;;;1073741824;affliction: lost an arm;;;
336;The Sharpest Tooth;The Sharpest Tooth (336);0;0;0;3;2;0;0;;;1;1;0;0;0;0;337;0;1;;;0;0;0;0;;1;1;0;0;0;;;;0;0;0;0;0;0;0;0;0;;;;;0;;0;0;0;0;;;0;0;;;;;;;;;
337;The Deadliest Poison;The Deadliest Poison (337);0;0;0;75;0;0;0;;;1;0;1;1;0;0;0;0;;;;0;0;1;0;;1;0;0;0;0;;;;0;1;0;0;0;0;0;0;0;;;;;0;;0;0;0;0;;;0;0;;;;;;poison damage not reduced by poison resistance;;;
338;Hoof;Hoof (338);1;0;0;20;0;0;0;;;1;0;0;1;0;0;0;0;;;1;0;0;0;0;;0;1;0;0;0;;;;0;0;0;0;0;0;0;0;0;;;;;0;;0;0;0;0;;;0;0;;;;;;;;;
339;Cornucopia;Cornucopia (339);0;1;0;7;0;0;3;;;1;0;0;0;0;0;0;0;;;1;0;0;0;0;;1;1;0;0;0;;;;0;0;0;0;0;0;0;0;0;;;;;0;;0;0;0;0;;;0;0;;;;;;;;;
340;Procas's Axe of Rulership;Procas's Axe of Rulership (340);0;0;0;12;0;-2;1;;;2;0;0;0;0;0;335;0;;1;;0;0;0;0;;1;1;0;0;0;;;;0;0;0;0;0;0;0;0;0;;;;;0;;0;0;0;0;;;0;0;;;;;;;;;
341;Picus's Axe of Rulership;Picus's Axe of Rulership (341);0;0;0;10;2;-2;1;;;2;0;0;0;0;0;335;0;;1;;0;0;0;0;;1;1;0;0;0;;;;0;0;0;0;0;0;0;0;0;;;;;0;;0;0;0;0;;;0;0;;;;;;;;;
342;Poison Ink;Poison Ink (342);0;0;0;5;0;1;3;;;1;0;1;1;0;2;0;0;;;;0;0;1;0;;1;0;0;0;0;;;;0;1;0;0;0;0;0;0;0;;;;;0;;0;0;0;0;;;0;0;;;;;;;;;
343;Blade Hand;Blade Hand (343);0;0;0;4;0;0;1;;;1;0;0;0;0;0;0;0;;1;;0;0;0;0;;0;1;0;0;0;;;;0;0;0;0;0;0;0;0;0;;;;;0;;0;0;0;0;;;0;0;;;;;;;;;
344;Demon-Slayer;Demon-Slayer (344);0;0;0;8;2;2;2;;;1;0;0;0;0;0;0;0;;1;;0;0;0;0;;1;0;0;0;0;;;;0;0;0;1;0;0;0;0;0;;;;;0;;0;0;0;0;;;0;0;;;;;;;;;
345;Fly Whisk;Fly Whisk (345);0;0;0;0;0;0;1;;;1;0;0;0;0;0;0;0;;;;0;0;0;0;;1;0;0;0;1;;;;0;0;0;0;0;0;0;0;0;;;;;0;;0;0;0;0;;;0;0;;;;;;;;;
346;Useless Kick;Useless Kick (346);0;0;0;-5;-4;-2;0;;;1;0;0;0;0;0;0;0;;;1;0;0;0;0;;0;1;0;0;0;;;;0;0;0;0;0;0;0;0;0;;;;;0;;0;0;0;0;;;0;0;;;;;;;;;
347;Flail;Flail (347);0;0;3;3;1;-2;3;;;2;0;0;0;0;0;0;0;;;1;0;0;0;0;;0;1;0;0;0;;;;0;0;0;0;0;0;0;0;0;;;;;0;;0;1;0;0;;;0;0;;;;;;;;;
348;Banefire Strike;Banefire Strike (348);0;0;0;0;0;0;3;;;1;1;0;0;0;1;349;0;;;;1;0;0;0;;1;1;0;0;0;;;;0;0;0;0;0;0;0;0;0;;;;;0;;0;0;0;0;;;0;0;;;;;;;;;
349;Decay;Decay (349);0;0;0;spc;0;0;0;;;1;0;0;0;0;1;0;0;;;;0;0;0;0;;1;0;1;0;0;;;;0;0;0;0;0;0;0;0;0;;;;;0;;0;0;0;0;;;0;0;;;;;256;spell effect: Decay;;;
350;Fire Flare;Fire Flare (350);1;0;0;12;0;0;3;;;1;1;0;1;0;1;0;0;;;;1;0;0;0;;1;0;0;0;0;;;;0;0;0;0;0;0;0;0;0;;;;;0;;0;0;0;0;;;0;0;;;;;;;;;
351;Pitchfork;Pitchfork (351);0;1;1;3;-1;-1;4;;;1;0;0;0;0;0;0;0;1;;;0;0;0;0;;0;1;0;0;0;;;;0;0;0;0;0;0;0;0;0;;;;;0;;0;0;0;0;;;0;0;;;;;;;;;
352;Gore;Gore (352);1;0;0;13;1;-1;1;;;1;0;0;1;0;0;0;0;;1;;0;0;0;0;;0;1;0;0;0;;;;0;0;0;0;0;0;0;0;0;;;;;0;;0;0;0;0;;;0;0;;;;;;;;;
353;Moose Kick;Moose Kick (353);1;0;0;16;0;0;3;;;1;0;0;1;0;0;0;0;;;1;0;0;0;0;;0;1;0;0;0;;;;0;0;0;0;0;0;0;0;0;;;;;0;;0;0;0;0;;;0;0;;;;;;;;;
354;Antlers;Antlers (354);1;0;0;16;-1;0;0;;;1;0;0;1;0;0;0;0;;1;;0;0;0;0;;0;1;0;0;0;;;;0;0;0;0;0;0;0;0;0;;;;;0;;0;0;0;0;;;0;0;;;;;;;;;
355;Sting;Sting (355);1;0;0;0;0;0;0;;;1;1;0;0;0;0;50;0;1;;;0;0;0;0;;0;1;0;0;0;;;;0;0;0;0;0;0;0;0;0;;;;;0;;0;0;0;0;;1;0;0;;;;;;;;;
356;Fire Composite Bow;Fire Composite Bow (356);0;1;0;11;1;;;35;12;1;0;0;1;0;0;216;0;1;;;0;0;0;0;;1;1;0;0;0;;;;0;0;0;0;0;0;0;0;0;;;;;0;;0;0;0;0;;;0;0;;;;;;;;;
357;Light Lance;Light Lance (357);0;0;1;3;0;0;4;;;1;0;0;0;0;0;0;0;1;;;0;0;0;0;;0;1;0;0;0;;;;0;0;0;0;0;0;0;0;0;;;;;0;;0;0;1;0;;;0;0;;;;;;;;;
358;Snake Hair;Snake Hair (358);1;0;0;-4;-2;0;0;;;3;0;0;0;0;0;50;0;1;;;0;0;0;0;;0;1;0;0;0;;;;0;0;0;0;0;0;0;0;0;;;;;0;;0;0;0;0;;;0;0;;;;;;;;;
359;Venomous Bites;Venomous Bites (359);1;0;0;-2;0;-1;0;;;2;0;0;0;0;0;51;0;1;;;0;0;0;0;;0;1;0;0;0;;;;0;0;0;0;0;0;0;0;0;;;;;0;;0;0;0;0;;;0;0;;;;;;;;;
360;Sticks and Stones;Sticks and Stones (360);0;0;0;-3;-2;;;-1;30;2;0;0;0;0;0;0;0;;;1;0;0;0;0;;0;1;0;0;0;;;;0;0;0;0;0;0;0;0;0;;;;;0;;0;0;0;0;;;0;0;;;;;;;;;
361;Small Bow;Small Bow (361);0;1;1;6;0;;;20;8;1;0;0;1;0;0;0;0;1;;;0;0;0;0;;0;1;0;0;0;;;;0;0;0;0;0;0;0;0;0;;;;;0;;0;0;0;0;;;0;0;;;;;;;;109;
362;Chakram;Chakram (362);0;0;2;4;0;;;-1;2;1;0;0;0;0;0;0;0;;1;;0;0;0;0;;0;1;0;0;0;;;;0;0;0;0;0;0;0;0;0;;;;;0;;0;0;0;0;;;0;0;;;;;;;;304;4
363;Iron Cudgel;Iron Cudgel (363);0;1;2;8;0;0;3;;;1;0;0;0;0;0;0;0;;;1;0;0;0;0;;0;1;0;0;0;;;;0;0;0;0;0;0;0;0;0;;;;;0;;0;0;0;0;;;0;0;;;;;;;;;
364;Curse Luck;Curse Luck (364);1;0;0;spc;0;0;4;;;1;0;0;1;1;1;0;0;;;;0;0;0;0;;1;0;1;0;0;;;;0;0;0;0;0;0;0;0;0;;;;;0;;0;0;0;0;;;0;0;;;;;16?;;;;
365;Flail of Misfortune;Flail of Misfortune (365);0;1;0;3;3;-3;3;;;2;0;0;0;0;0;366;0;;;1;0;0;0;0;;1;1;0;0;0;;;;0;0;0;0;0;0;0;0;0;;;;;0;;0;1;0;0;;;0;0;;;;;;;;;
366;Curse Luck;Curse Luck (366);0;0;0;spc;0;0;5;;;1;0;0;1;0;0;0;0;;;;0;0;0;0;;1;0;1;0;0;;;;0;0;0;0;0;0;0;0;0;;;;;0;;0;0;0;0;;;0;0;;;;;16?;;;;
367;Horror Mark;Horror Mark (367);0;0;0;spc;0;0;0;;;1;0;0;1;0;0;0;0;;;;0;0;0;0;;1;0;1;0;0;;;;0;0;0;0;0;0;0;0;0;;;;;0;;0;0;0;0;;;0;0;;;;;;attribute: Horror Mark;;;
368;Horror Mark;Horror Mark (368);1;0;0;spc;100;;;50;30;1;0;0;1;0;0;0;0;;;;0;0;0;0;;1;0;1;0;0;;;;0;0;0;0;0;0;0;0;0;;;;;0;;0;0;0;0;;;0;0;;;;;;attribute: Horror Mark;;;
369;Curse;Curse (369);1;0;0;spc;100;;;50;30;1;0;0;1;0;0;0;0;;;;0;0;0;0;;1;0;1;0;0;;;;0;0;0;0;0;0;0;0;0;;;;;0;;0;0;0;0;;;0;0;;;;;2;attribute: Cursed;;;
370;Theft of Reason;Theft of Reason (370);1;0;0;spc;100;;;50;30;1;0;0;1;1;0;0;0;;;;0;0;0;0;;1;0;1;0;0;;;;0;0;0;0;0;0;0;0;0;;;;;0;;0;0;0;0;;;0;0;;;;;33554432;affliction: Feeblemind;;;
371;Theft of Life;Theft of Life (371);1;0;0;0;100;;;50;30;1;0;1;0;1;1;0;0;;;;0;0;0;0;;1;0;0;0;0;;;;0;0;0;0;0;0;0;0;0;;;;;0;;1;0;0;0;;;1;0;;;;;;;;;
372;Poison Bow;Poison Bow (372);0;1;4;9;1;;;35;12;1;0;0;1;0;0;50;0;1;;;0;0;0;0;;0;1;0;0;0;;;;0;0;0;0;0;0;0;0;0;;;;;0;;0;0;0;0;;;0;0;;;;;;;;109;
373;Stone Spear;Stone Spear (373);0;0;0;2;0;0;4;;;1;0;0;0;0;0;0;0;1;;;0;0;0;0;;0;1;0;0;0;;;;0;0;0;0;0;0;0;0;0;;;;;0;;0;0;0;0;;;0;0;;;;;;;;;
374;Flint Sword;Flint Sword (374);0;0;0;8;1;1;4;;;1;0;0;0;0;0;0;0;;1;;0;0;0;0;;1;1;0;0;0;;;;0;0;0;0;0;0;0;0;0;;;;;0;;0;0;0;0;;;0;0;;;;;;;;;
375;Dogs;Dogs (375);1;0;0;8;-2;0;0;;;3;0;0;1;0;0;0;0;;1;;0;0;0;0;;0;1;0;0;0;;;;0;0;0;0;0;0;0;0;0;;;;;0;;0;0;0;0;;;0;0;;;;;;;;;
376;Yari;Yari (376);0;1;1;4;1;0;5;;;1;0;0;0;0;0;0;0;1;;;0;0;0;0;;0;1;0;0;0;;;;0;0;0;0;0;0;0;0;0;;;;;0;;0;0;0;0;;;0;0;;;;;;;;;
377;Wakizashi;Wakizashi (377);0;0;4;5;2;1;1;;;1;0;0;0;0;0;0;0;;1;;0;0;0;0;;0;1;0;0;0;;;;0;0;0;0;0;0;0;0;0;;;;;0;;0;0;0;0;;;0;0;;;;;;;;;
378;Katana;Katana (378);0;1;7;6;3;2;2;;;1;0;0;0;0;0;0;0;;1;;0;0;0;0;;0;1;0;0;0;;;;0;0;0;0;0;0;0;0;0;;;;;0;;0;0;0;0;;;0;0;;;;;;;;;
379;No-Dachi;No-Dachi (379);0;1;6;8;2;2;3;;;1;0;0;0;0;0;0;0;;1;;0;0;0;0;;0;1;0;0;0;;;;0;0;0;0;0;0;0;0;0;;;;;0;;0;0;0;0;;;0;0;;;;;;;;;
380;Naginata;Naginata (380);0;1;4;10;-1;1;4;;;1;0;0;0;0;0;0;0;;1;;0;0;0;0;;0;1;0;0;0;;;;0;0;0;0;0;0;0;0;0;;;;;0;;0;0;0;0;;;0;0;;;;;;;;;
381;Ninjato;Ninjato (381);0;0;3;5;2;0;1;;;1;0;0;0;0;0;0;0;;1;;0;0;0;0;;0;1;0;0;0;;;;0;0;0;0;0;0;0;0;0;;;;;0;;0;0;0;0;;;0;0;;;;;;;;;
382;Shuriken;Shuriken (382);0;0;1;1;0;;;-1;4;2;0;0;0;0;0;51;0;1;;;0;0;0;0;;0;1;0;0;0;;;;0;0;0;0;0;0;0;0;0;;;;;0;;0;0;0;0;;;0;0;;;;;;;;;
383;Throw Flames;Throw Flames (383);0;0;0;-5;0;;;20;3;1;1;0;0;0;0;0;0;;;;1;0;0;0;;1;1;0;0;0;;;;0;0;0;0;0;0;0;0;0;;;;;0;;0;0;0;0;;;0;0;;;;;;;;;
384;Minor Life Drain;Minor Life Drain (384);0;0;0;5;0;0;0;;;1;0;1;1;0;0;0;0;;;;0;0;0;0;;1;0;0;0;0;;;;0;0;0;0;0;0;0;0;0;;;;;0;;0;0;0;0;;;1;0;;;;;;;;;
385;Major Life Drain;Major Life Drain (385);0;0;0;10;0;0;0;;;1;0;1;1;0;0;0;0;;;;0;0;0;0;;1;0;0;0;0;;;;0;0;0;0;0;0;0;0;0;;;;;0;;0;0;0;0;;;1;0;;;;;;;;;
386;Sceptre of Dark Regency;Sceptre of Dark Regency (386);0;0;0;0;1;0;1;;;1;1;0;0;0;0;385;0;;;1;0;0;0;0;;1;1;0;0;0;;;;0;0;0;0;0;0;0;0;0;;;;;0;;0;0;0;0;;;0;0;;;;;;;;;
387;Sleep Touch;Sleep Touch (387);0;0;0;30;0;0;0;;;1;0;0;1;1;0;0;0;;;;0;0;0;0;;1;0;0;0;1;;;;0;0;0;0;0;0;0;0;0;;;;;0;;0;0;0;0;;;0;0;;;;;;;;;
388;Pearl Spear;Pearl Spear (388);0;0;1;3;0;0;4;;;1;0;0;0;0;0;0;0;1;;;0;0;0;0;;1;1;0;0;0;;;;0;0;0;0;0;0;0;0;0;;;;;0;;0;0;0;0;;;0;0;;;;;;;;;
389;Pearl Trident;Pearl Trident (389);0;0;2;7;0;0;4;;;1;0;0;0;0;0;0;0;1;;;0;0;0;0;;1;1;0;0;0;;;;0;0;0;0;0;0;0;0;0;;;;;0;;0;0;0;0;;;0;0;;;;;;;;;
390;Scourge of Vengeance;Scourge of Vengeance (390);0;0;2;4;2;0;2;;;2;0;0;0;0;0;64;0;;;1;0;0;0;0;;1;1;0;0;0;;;;0;0;0;0;0;0;0;0;0;;;;;0;;0;1;0;0;;;0;0;;;;;;;;;
391;Serpent;Serpent (391);0;0;2;9;4;0;3;;;1;1;0;1;0;0;52;0;1;;;0;0;0;0;;1;1;0;0;0;;;;0;0;0;0;0;0;0;0;0;;;;;0;;0;1;0;0;;;0;0;;;;;;;;;
392;Torch of Strife;Torch of Strife (392);0;0;2;4;2;0;2;;;1;0;0;0;0;0;64;0;;;1;0;0;0;0;;1;1;0;0;0;;;;0;0;0;0;0;0;0;0;0;;;;;0;;0;0;0;0;;;0;0;;;;;;;;;
393;Touch of Tisiphone;Touch of Tisiphone (393);0;0;0;0;0;0;0;;;1;0;0;0;0;0;143;0;;;;0;0;0;0;;0;1;0;0;0;;;;0;0;0;0;0;0;0;0;0;;;;;0;;0;0;0;0;;;0;0;;;;;;;;;
394;Curse of Tisiphone;Curse of Tisiphone (394);0;0;0;spc;0;0;0;;;1;0;0;0;0;0;143;0;;;;0;0;0;0;;0;0;1;0;0;;;;0;0;0;0;0;0;0;0;0;;;;;0;;0;0;0;0;;;0;0;;;;;???;;;;
395;Shadow Brand;Shadow Brand (395);0;0;0;12;4;1;2;;;1;1;0;0;0;0;0;396;;1;;0;0;0;0;;1;1;0;0;0;;;;0;0;0;0;0;0;0;0;0;;;;;0;;0;0;0;0;;;0;0;;;;;;;;;
396;Leeching Darkness;Leeching Darkness (396);0;0;0;5;0;0;0;;;1;0;1;1;1;5;285;0;;;;0;0;0;0;;1;1;0;0;0;;;;0;0;0;0;0;0;0;0;0;;;;;0;;0;0;0;0;;;0;0;;;;;;;;;
397;Kick;Kick (397);1;0;0;0;0;0;0;;;1;0;0;0;0;0;0;0;;;1;0;0;0;0;;0;1;0;0;0;;;;0;0;0;0;0;0;0;0;0;;;;;0;;0;0;0;0;;;0;0;;;;;;;;;
398;Venomous Fangs;Venomous Fangs (398);1;0;0;-10;0;-1;0;;;1;0;0;0;0;0;52;0;1;;;0;0;0;0;;0;1;0;0;0;;;;0;0;0;0;0;0;0;0;0;;;;;0;;0;0;0;0;;;0;0;;;;;;;;;
399;Gore;Gore (399);1;0;0;2;1;-1;0;;;1;0;0;0;0;0;0;0;;1;;0;0;0;0;;0;1;0;0;0;;;;0;0;0;0;0;0;0;0;0;;;;;0;;0;0;0;0;;;0;0;;;;;;;;;
400;Devour Soul;Devour Soul (400);1;0;0;2;0;-1;0;;;1;0;0;0;0;0;401;0;;;;0;0;0;0;;1;1;0;0;0;;;;0;0;0;0;0;0;0;0;0;;;;;0;;0;0;0;0;;;0;0;;;;;;;;;
401;Soul Death;Soul Death (401);0;0;0;999;0;0;0;;;1;0;1;1;0;0;0;0;;;;0;0;0;0;;1;1;0;0;0;;;;0;0;0;0;0;0;0;0;0;;;;;0;;1;0;0;0;;;0;0;;;;;;;;;
402;Holy Scourge;Holy Scourge (402);0;1;3;4;3;-2;3;;;2;0;0;0;0;0;0;0;;;1;0;0;0;0;;1;0;0;0;0;;;;0;0;0;1;0;0;0;0;0;;;;;0;;0;1;0;0;;;0;0;;;;;;;;;
403;Mesmerize;Mesmerize (403);1;0;0;spc;100;;;25;5;1;0;0;1;1;0;0;0;;;;0;0;0;0;;1;0;1;0;0;;;;0;0;0;0;0;0;0;0;0;;;;;0;;1;0;0;0;;;0;0;;;;;???;Confusion?;;;
404;Beak;Beak (404);1;0;0;0;0;-1;0;;;1;0;0;0;0;0;0;0;;1;;0;0;0;0;;0;1;0;0;0;;;;0;0;0;0;0;0;0;0;0;;;;;0;;0;0;0;0;;;0;0;;;;;;;;;
405;Fire Small Bow;Fire Small Bow (405);0;1;1;6;0;;;20;8;1;0;0;1;0;0;216;0;1;;;0;0;0;0;;1;1;0;0;0;;;;0;0;0;0;0;0;0;0;0;;;;;0;;0;0;0;0;;;0;0;;;;;;;;;
406;Fire Chakram;Fire Chakram (406);0;0;2;4;0;;;-1;2;1;0;0;0;0;0;216;0;;1;;0;0;0;0;;1;1;0;0;0;;;;0;0;0;0;0;0;0;0;0;;;;;0;;0;0;0;0;;;0;0;;;;;;;;;
407;Fire Shuriken;Fire Shuriken (407);0;0;1;1;0;;;-1;4;2;0;0;0;0;0;216;0;1;;;0;0;0;0;;1;1;0;0;0;;;;0;0;0;0;0;0;0;0;0;;;;;0;;0;0;0;0;;;0;0;;;;;;;;;
408;Talons;Talons (408);1;0;0;0;0;0;0;;;1;0;0;0;0;0;0;0;;1;;0;0;0;0;;0;1;0;0;0;;;;0;0;0;0;0;0;0;0;0;;;;;0;;0;0;0;0;;;0;0;;;;;;;;;
409;Small Area Cold;Small Area Cold (409);0;0;0;12;0;0;0;;;1;1;0;1;0;1;0;0;;;;0;1;0;0;;1;1;0;0;0;;;;0;0;0;0;0;0;0;0;0;;;;;0;;0;0;0;0;;;0;0;;;;;;;;;
410;O'al Kan's Sceptre;O'al Kan's Sceptre (410);0;0;0;0;0;0;1;;;1;0;1;0;0;0;0;411;;;1;0;0;0;0;;1;1;0;0;0;;;;0;0;0;0;0;0;0;0;0;;;;;0;;0;0;0;0;;;0;0;;;;;;;;;
411;Small Area Stun;Small Area Stun (411);0;0;0;10;0;0;0;;;1;0;1;1;0;1;0;0;;;;0;0;0;0;;1;0;0;0;1;;;;0;0;0;0;0;0;0;0;0;;;;;0;;0;0;0;0;;;0;0;;;;;;;;;
412;Axe of Hate;Axe of Hate (412);0;0;0;12;2;0;1;;;1;0;0;0;0;0;413;0;;1;;0;0;0;0;;1;1;0;0;0;;;;0;0;0;0;0;0;0;0;0;;;;;0;;0;0;0;0;;;0;0;;;;;;;;;
413;Fatigue and Disease;Fatigue and Disease (413);0;0;0;20;0;0;1;;;1;0;1;1;0;0;414;0;;;;0;0;0;0;;1;0;0;0;1;;;;0;0;0;0;0;0;0;0;0;;;;;0;;0;0;0;0;;;0;0;;;;;;;;;
414;Disease;Disease (414);0;0;0;spc;0;0;1;;;1;0;1;1;1;0;0;0;;;;0;0;0;0;;1;0;1;0;0;;;;0;0;0;0;0;0;0;0;0;;;;;0;;0;0;0;0;;;0;0;;;;;1;affliction: Disease;;;
415;Astral Hooks;Astral Hooks (415);1;0;0;-5;0;0;0;;;3;0;0;0;0;0;367;0;;1;;0;0;0;0;;1;1;0;0;0;;;;0;0;0;0;0;0;0;0;0;;;;;0;;0;0;0;0;;;0;0;;;;;;;;;
416;Astral Fetters;Astral Fetters (416);1;0;0;spc;0;0;0;;;1;0;0;0;0;0;0;0;;;;0;0;0;0;;1;0;1;0;0;;;;0;0;0;0;0;0;0;0;0;;;;;0;;0;0;0;0;;;0;0;;;;;131072;spell effect: False Fetters;;;
417;Bite;Bite (417);1;0;0;22;0;0;0;;;1;0;0;1;0;0;0;0;;1;;0;0;0;0;;0;1;0;0;0;;;;0;0;0;0;0;0;0;0;0;;;;;0;;0;0;0;0;;;0;0;;;;;;;;;
418;Horror Claw;Horror Claw (418);0;0;0;0;0;0;0;;;1;0;1;0;0;1;0;0;;1;;0;0;0;0;;1;1;0;0;0;;;;0;0;0;0;0;0;0;0;0;;;;;0;;0;0;0;0;;;0;0;;;;;;;;;
419;Lightning Strike;Lightning Strike (419);0;0;0;-3;0;;;30;1;1;0;1;0;0;0;0;0;;;;0;0;0;1;;1;1;0;0;0;;;;0;0;0;0;0;0;0;0;0;;;;;0;;0;0;0;0;;;0;0;;;;;;;;;
420;Koppo;Koppo (420);0;0;0;-3;-3;0;0;;;1;1;0;0;0;0;421;0;;;1;0;0;0;0;;0;1;0;0;0;;;;0;0;0;0;0;0;0;0;0;;;;;0;;0;0;0;0;;;0;0;;;;;;;;;
421;Limp;Limp (421);0;0;0;spc;0;0;0;;;1;0;0;0;0;0;0;0;;;;0;0;0;0;;1;0;1;0;0;;;;0;0;0;0;0;0;0;0;0;;;;;0;;0;0;0;0;;;0;0;;;;;262144;affliction: Limp;;;
422;Stellar Bolt;Stellar Bolt (422);0;0;0;0;0;;;50;10;1;0;1;0;1;0;0;0;;;;0;0;0;0;;1;1;0;0;0;;;;0;0;0;0;0;0;0;0;0;;;;;0;;0;0;0;0;;;0;0;;;;;;;;;
423;Scorpion Tail;Scorpion Tail (423);1;0;0;0;0;0;3;;;1;1;0;0;0;0;52;0;1;;;0;0;0;0;;0;1;0;0;0;;;;0;0;0;0;0;0;0;0;0;;;;;0;;0;0;0;0;;;0;0;;;;;;;;;
424;Boulder;Boulder (424);0;0;0;8;0;;;-3;5;1;0;0;0;0;0;0;0;;;1;0;0;0;0;;0;1;0;0;0;;;;0;0;0;0;0;0;0;0;0;;;;;0;;0;0;0;0;;;0;0;;;;;;;;;
425;Fire Boulder;Fire Boulder (425);0;1;0;8;0;;;-3;5;1;0;0;0;0;0;171;0;;;1;0;0;0;0;;0;1;0;0;0;;;;0;0;0;0;0;0;0;0;0;;;;;0;;0;0;0;0;;;0;0;;;;;;;;;
426;Obsidian Glaive;Obsidian Glaive (426);0;1;8;11;1;1;4;;;1;0;0;0;0;0;0;0;;1;;0;0;0;0;;1;1;0;0;0;;;;0;0;0;0;0;0;0;0;0;;;;;0;;0;0;0;0;;;0;0;;;;;;;;;
427;Granite Glaive;Granite Glaive (427);0;1;0;7;-1;0;4;;;1;0;0;0;0;0;0;0;;;1;0;0;0;0;;0;1;0;0;0;;;;0;0;0;0;0;0;0;0;0;;;;;0;;0;0;0;0;;;0;0;;;;;;;;;
428;Granite Sword;Granite Sword (428);0;0;0;4;-1;0;2;;;1;0;0;0;0;0;0;0;;;1;0;0;0;0;;0;1;0;0;0;;;;0;0;0;0;0;0;0;0;0;;;;;0;;0;0;0;0;;;0;0;;;;;;;;;
429;Stone Club;Stone Club (429);0;1;0;9;-1;0;3;;;1;0;0;0;0;0;0;0;;;1;0;0;0;0;;0;1;0;0;0;;;;0;0;0;0;0;0;0;0;0;;;;;0;;0;0;0;0;;;0;0;;;;;;;;;
430;Doom Glaive;Doom Glaive (430);0;1;5;16;2;2;4;;;1;0;0;0;0;0;0;431;;1;;0;0;0;0;;1;1;0;0;0;;;;0;0;0;0;0;0;0;0;0;;;;;0;;0;0;0;0;;;0;0;;;;;;;;;
431;Small Area Curse and Decay;Small Area Curse and Decay (431);0;0;0;spc;0;0;0;;;1;0;0;0;0;1;0;432;;;;0;0;0;0;;1;0;1;0;0;;;;0;0;0;0;0;0;0;0;0;;;;;0;;0;0;0;0;;;0;0;;;;;2;attribute: Cursed;;;
432;Small Area Decay;Small Area Decay (432);0;0;0;spc;0;0;0;;;1;0;0;0;1;1;0;0;;;;0;0;0;0;;1;0;1;0;0;;;;0;0;0;0;0;0;0;0;0;;;;;0;;0;0;0;0;;;0;0;;;;;256;spell effect: Decay;;;
433;Shadow Spear;Shadow Spear (433);0;0;3;5;2;0;4;;;1;0;0;0;0;0;0;0;1;;;0;0;0;0;;1;1;0;0;0;;;;0;0;0;0;0;0;0;0;0;;;;;0;;0;0;0;0;;;0;0;;;;;;;;;
434;Banefire Crossbow;Banefire Crossbow (434);0;1;0;13;2;;;35;14;-2;1;0;1;0;0;0;435;1;;;0;0;0;0;;1;1;0;0;0;;;;0;0;0;0;0;0;0;0;0;;;;;0;;0;0;0;0;;;0;0;;;;;;;;;
435;Area Decay;Area Decay (435);0;0;0;spc;0;0;0;;;1;0;0;0;1;3;0;0;;;;0;0;0;0;;1;1;1;0;0;;;;0;0;0;0;0;0;0;0;0;;;;;0;;0;0;0;0;;;0;0;;;;;256;spell effect: Decay;;;
436;Demon Bane;Demon Bane (436);0;1;0;17;6;2;3;;;1;0;0;0;0;0;0;0;;1;;0;0;0;0;;1;0;0;0;0;;;;0;0;1;0;0;0;0;0;0;;;;;0;;0;0;0;0;;;0;0;;;;;;;;;
437;Long Spear;Long Spear (437);1;0;2;12;0;0;5;;;1;0;0;1;0;0;0;0;1;;;0;0;0;0;;0;1;0;0;0;;;;0;0;0;0;0;0;0;0;0;;;;;0;;0;0;0;0;;;0;0;;;;;;;;;
438;Plague Bow;Plague Bow (438);0;1;0;14;5;;;40;12;1;0;0;1;0;0;143;0;1;;;0;0;0;0;;1;1;0;0;0;;;;0;0;0;0;0;0;0;0;0;;;;;0;;0;0;0;0;;;0;0;;;;;;;;;
439;Howling Bow;Howling Bow (439);0;1;5;12;2;;;35;12;1;0;0;1;0;0;440;0;1;;;0;0;0;0;;1;1;0;0;0;;;;0;0;0;0;0;0;0;0;0;;;;;0;;0;0;0;0;;;0;0;;;;;;;;;
440;Lesser Fear;Lesser Fear (440);0;0;0;2;0;0;0;;;1;0;1;1;0;0;0;0;;;;0;0;0;0;;1;0;0;0;0;;1;;0;0;0;0;0;0;0;0;0;;;;;0;;1;0;0;0;;;0;0;;;;;;damage to morale;;;
441;Banish to Inferno;Banish to Inferno (441);0;0;0;-12;0;0;0;;;1;0;0;1;1;0;0;0;;;;0;0;0;0;;1;0;0;0;0;;;;0;0;0;0;0;0;0;0;0;;;;;0;;0;0;0;0;;;0;0;;;1;;;?;;;
442;Dimensional Shift;Dimensional Shift (442);0;0;0;-11;0;0;0;;;1;0;0;1;1;0;0;0;;;;0;0;0;0;;1;0;0;0;0;;;;0;0;0;0;0;0;0;0;0;;;;;0;;0;0;0;0;;;0;0;;;1;;;?;;;
443;Dimensional Rod;Dimensional Rod (443);0;0;0;0;1;1;1;;;1;0;0;0;0;0;442;0;;;1;0;0;0;0;;1;1;0;0;0;;;;0;0;0;0;0;0;0;0;0;;;;;0;;0;0;0;0;;;0;0;;;;;;;;;
444;Infernal Sword;Infernal Sword (444);0;1;0;10;4;2;3;;;1;0;0;0;0;0;441;0;;1;;0;0;0;0;;1;1;0;0;0;;;;0;0;0;0;0;0;0;0;0;;;;;0;;0;0;0;0;;;0;0;;;;;;;;;
445;Spear of the Dragon King;Spear of the Dragon King (445);0;1;0;8;2;1;5;;;1;0;0;0;0;0;0;0;1;;;0;0;0;0;;1;1;0;0;0;;;;0;0;0;0;0;0;0;0;0;;;;;0;;0;0;0;0;;;0;0;;;;;;;;;
446;Sceptre;Sceptre (446);0;0;1;2;0;0;1;;;1;0;0;0;0;0;0;0;;;1;0;0;0;0;;0;1;0;0;0;;;;0;0;0;0;0;0;0;0;0;;;;;0;;0;0;0;0;;;0;0;;;;;;;;;
447;Venomous Bite;Venomous Bite (447);1;0;0;14;1;0;3;;;1;0;0;1;0;0;50;0;1;;;0;0;0;0;;0;1;0;0;0;;;;0;0;0;0;0;0;0;0;0;;;;;0;;0;0;0;0;;;0;0;;;;;;;;;
448;Death Bless;Death Bless (448);0;0;0;2;0;0;6;;;1;0;1;1;1;0;414;0;;;;0;0;0;0;;1;1;0;0;0;;;;0;0;0;0;0;0;0;0;0;;;;;0;;0;0;0;0;;;0;0;;;;;;;;;
449;Life Drain;Life Drain (449);1;0;0;20;5;0;0;;;1;1;0;1;0;0;0;0;;;;0;0;0;0;;1;0;0;0;0;;;;0;0;0;0;0;0;0;0;0;;;;;0;;0;0;0;0;;;1;0;;;;;;;;;
450;Tiny Bite;Tiny Bite (450);1;0;0;0;0;0;0;;;1;0;1;0;0;0;0;0;;1;;0;0;0;0;;0;0;0;1;0;;;;0;0;0;0;0;0;0;0;0;;;;;0;;0;0;0;0;;;0;0;;;;;;;;;
451;Obsidian Club Sword;Obsidian Club Sword (451);0;0;2;4;0;-1;2;;;1;0;0;0;0;0;0;0;;1;1;0;0;0;0;;0;1;0;0;0;;;;0;0;0;0;0;0;0;0;0;;;;;0;;0;0;0;0;;;0;0;;;;;;;;;
452;Harpoon;Harpoon (452);0;0;1;3;-2;;;-1;1;1;0;0;0;0;0;453;0;1;;;0;0;0;0;;0;1;0;0;0;;;;0;0;0;0;0;0;0;0;0;;;;;0;;0;0;0;0;;;0;0;;;;;;;;;
453;Harpooning;Harpooning (453);1;0;0;spc;0;0;0;;;1;0;0;0;0;0;0;0;;;;0;0;0;0;;0;0;1;0;0;;;;0;0;0;0;0;0;0;0;0;;;;;0;;0;0;0;0;;;0;0;;;;;;can be negated by large beings; slow;;
454;Ice Glaive;Ice Glaive (454);0;1;6;9;0;-1;4;;;1;0;0;0;0;0;0;0;1;1;;0;0;0;0;;1;1;0;0;0;;;;0;0;0;0;0;0;0;0;0;;;;;0;;0;0;0;0;;;0;0;;;;;;;;;
455;Bone Glaive;Bone Glaive (455);0;1;5;10;0;-1;4;;;1;0;0;0;0;0;285;0;1;1;;0;0;0;0;;1;1;0;0;0;;;;0;0;0;0;0;0;0;0;0;;;;;0;;0;0;0;0;;;0;0;;;;;;;;;
456;Gaze of Fear;Gaze of Fear (456);1;0;0;4;100;;;40;12;1;0;1;1;0;5;0;0;;;;0;0;0;0;;1;0;0;0;0;;1;;0;0;0;0;0;0;0;0;0;;;;;0;;0;0;0;0;;;0;0;;;;;;damage to morale;;;
457;Spectral Axe;Spectral Axe (457);0;1;0;8;0;1;3;;;1;0;0;0;1;0;458;0;;;;0;0;0;0;;1;1;0;0;0;;;;0;0;0;0;0;0;0;0;0;;;;;0;;0;0;0;0;;;0;0;;;;;;;;;
458;Spectral Fire;Spectral Fire (458);0;0;0;8;0;0;6;;;1;1;0;1;0;0;0;0;;;;1;0;0;0;;1;1;0;0;0;;;;0;0;0;0;0;0;0;0;0;;;;;0;;0;0;0;0;;;0;0;;;;;;;;;
459;Thrown Sutra;Thrown Sutra (459);1;0;0;2;0;;;15;5;1;0;1;1;0;0;460;0;;;;0;0;0;0;;1;0;0;0;0;;;;0;0;0;1;0;0;0;0;0;;;;;0;;0;0;0;0;;;0;0;;;;;;;;;
460;Stop the Dead;Stop the Dead (460);0;0;0;5;0;0;0;;;1;0;1;1;1;0;0;0;;;;0;0;0;0;;1;0;0;0;0;;;;1;0;0;0;0;0;0;0;0;;1;;;0;;0;0;0;0;;;0;0;;;;;;;;;
461;Swallow;Swallow (461);1;0;0;0;0;-2;0;;;1;0;0;0;0;1;0;0;;;;0;0;0;0;;0;0;0;0;0;;;;0;0;0;0;0;1;0;0;0;;;;;0;;0;0;0;0;;;0;0;;;;1;;;;;
462;Venomous Bite;Venomous Bite (462);1;0;0;2;0;-1;0;;;1;0;0;0;0;0;52;0;1;;;0;0;0;0;;1;1;0;0;0;;;;0;0;0;0;0;0;0;0;0;;;;;0;;0;0;0;0;;;0;0;;;;;;;;;
463;Agarthan Steel Crossbow;Agarthan Steel Crossbow (463);0;1;5;13;2;;;35;12;-2;1;0;1;0;0;0;0;1;;;0;0;0;0;;0;1;0;0;0;;;;0;0;0;0;0;0;0;0;0;;;;;0;;0;0;0;0;;;0;0;;;;;;;;;
464;Basalt Spear;Basalt Spear (464);0;1;6;4;1;-1;4;;;1;0;0;0;0;0;0;0;1;;;0;0;0;0;;1;1;0;0;0;;;;0;0;0;0;0;0;0;0;0;;;;;0;;0;0;0;0;;;0;0;;;;;;;;;
465;Basalt Club;Basalt Club (465);0;1;0;9;-1;-1;3;;;1;0;0;0;0;0;0;0;;;1;0;0;0;0;;1;1;0;0;0;;;;0;0;0;0;0;0;0;0;0;;;;;0;;0;0;0;0;;;0;0;;;;;;;;;
466;Apotropaic Sword;Apotropaic Sword (466);0;0;0;8;1;1;3;;;1;0;0;0;0;0;0;0;;1;;0;0;0;0;;1;0;0;0;0;;;;0;0;1;0;0;0;0;0;0;;;;;0;;0;0;0;0;;;0;0;;;;;;;;;
467;Apotropaic Trident;Apotropaic Trident (467);0;0;0;10;0;0;4;;;1;0;0;0;0;0;468;0;1;;;0;0;0;0;;1;1;0;0;0;;;;0;0;0;0;0;0;0;0;0;;;;;0;;0;0;0;0;;;0;0;;;;;;;;;
468;Halt Demon;Halt Demon (468);0;0;0;5;0;0;0;;;1;0;1;1;1;0;0;0;;;;0;0;0;0;;1;0;0;0;0;;;;1;0;0;0;0;0;0;0;0;;;1;;0;;0;0;0;0;;;0;0;;;;;;;;;
469;Ancestor Sword;Ancestor Sword (469);0;1;0;9;3;3;3;;;1;0;0;0;0;0;440;0;;1;;0;0;0;0;;1;1;0;0;0;;;;0;0;0;0;0;0;0;0;0;;;;;0;;0;0;0;0;;;0;0;;;;;;;;;
470;Spirit Club;Spirit Club (470);0;0;0;6;1;0;2;;;1;0;0;0;0;0;0;0;;;1;0;0;0;0;;1;1;0;0;0;;;;0;0;0;0;0;0;0;0;0;;;;;0;;0;0;0;0;;;0;0;;;;;;;;;
471;Boulder;Boulder (471);0;0;0;25;0;;;15;5;1;0;0;1;0;0;0;0;;;1;0;0;0;0;;0;1;0;0;0;;;;0;0;0;0;0;0;0;0;0;;;;;0;;0;1;0;0;;;0;0;;;;;;;;;
472;Flame Sword;Flame Sword (472);0;0;0;12;3;1;2;;;1;0;0;0;0;0;171;0;;1;;0;0;0;0;;1;1;0;0;0;;;;0;0;0;0;0;0;0;0;0;;;;;0;;0;0;0;0;;;0;0;;;;;;;;;
473;Golden Spear;Golden Spear (473);0;0;5;5;1;0;4;;;1;0;0;0;0;0;0;0;1;;;0;0;0;0;;1;1;0;0;0;;;;0;0;0;0;0;0;0;0;0;;;;;0;;0;0;0;0;;;0;0;;;;;;;;;
474;Golden Sword;Golden Sword (474);0;0;8;7;1;1;1;;;1;0;0;0;0;0;0;0;;1;;0;0;0;0;;1;1;0;0;0;;;;0;0;0;0;0;0;0;0;0;;;;;0;;0;0;0;0;;;0;0;;;;;;;;;
475;Golden Lance;Golden Lance (475);0;0;5;5;1;0;4;;;1;0;0;0;0;0;0;0;1;;;0;0;0;0;;1;1;0;0;0;;;;0;0;0;0;0;0;0;0;0;;;;;0;;0;0;1;0;;;0;0;;;;;;;;;
476;Moon Blade;Moon Blade (476);0;0;0;8;2;0;2;;;1;0;0;0;0;0;0;0;;1;;0;0;0;0;;1;0;0;0;0;;;;0;0;0;0;1;0;0;0;0;;;;;0;;0;0;0;0;;;0;0;;;;;;;;;
477;Unholy Sword;Unholy Sword (477);0;0;0;6;3;1;3;;;1;0;0;0;0;0;480;0;;1;;0;0;0;0;;1;1;0;0;0;;;;0;0;0;0;0;0;0;0;0;;;;;0;;0;0;0;0;;;0;0;;;;;;;;;
478;Unholy Spear;Unholy Spear (478);0;0;0;3;3;0;4;;;1;0;0;0;0;0;480;0;1;;;0;0;0;0;;1;1;0;0;0;;;;0;0;0;0;0;0;0;0;0;;;;;0;;0;0;0;0;;;0;0;;;;;;;;;
479;Unholy Axe;Unholy Axe (479);0;0;0;7;2;-1;2;;;1;0;0;0;0;0;480;0;;1;;0;0;0;0;;1;1;0;0;0;;;;0;0;0;0;0;0;0;0;0;;;;;0;;0;0;0;0;;;0;0;;;;;;;;;
480;Halt Sacred;Halt Sacred (480);0;0;0;5;0;0;0;;;1;0;1;1;1;0;0;0;;;;0;0;0;0;;1;0;0;0;0;;;;1;0;0;0;0;0;0;0;0;;;;;0;1;0;0;0;0;;;0;0;;;;;;;;;
481;Touch of Madness;Touch of Madness (481);0;0;0;-3;-3;0;0;;;1;0;0;0;1;0;156;0;;;;0;0;0;0;;1;1;0;0;0;;;;0;0;0;0;0;0;0;0;0;;;;;0;;0;0;0;0;;;0;0;;;;;;;;;
482;Spectral Club;Spectral Club (482);0;0;0;4;0;0;1;;;1;0;0;0;1;0;0;0;;;;0;0;0;0;;1;1;0;0;0;;;;0;0;0;0;0;0;0;0;0;;;;;0;;0;0;0;0;;;0;0;;;;;;;;;
483;Gae Bulga;Gae Bulga (483);0;0;1;10;2;;;-1;1;1;0;0;0;0;0;453;0;1;;;0;0;0;0;;1;1;0;0;0;;;;0;0;0;0;0;0;0;0;0;;;;;0;;0;0;0;0;;;0;0;;;;;;;;;
484;Wail of Doom;Wail of Doom (484);0;0;0;spc;100;;;50;1;1;0;0;1;0;0;0;0;;;;0;0;0;0;;1;0;1;0;0;;;;0;0;0;0;0;0;0;0;0;;;;;0;;0;0;0;0;;;0;0;;;;;;???;;;
485;Fomorian Bronze Spear;Fomorian Bronze Spear (485);0;0;1;3;0;0;5;;;1;0;0;0;0;0;0;0;1;;;0;0;0;0;;0;1;0;0;0;;;;0;0;0;0;0;0;0;0;0;;;;;0;;0;0;0;0;;;0;0;;;;;;;;;
486;Gae Assail;Gae Assail (486);1;0;0;16;0;1;6;;;1;0;0;1;0;0;0;171;1;;;0;0;0;0;;1;1;0;0;0;;;;0;0;0;0;0;0;0;0;0;;;;;0;;0;0;0;0;;;0;0;;;;;;;;;
487;Spear of the Morrigan;Spear of the Morrigan (487);0;0;5;6;3;2;4;;;1;0;0;0;0;0;64;0;1;;;0;0;0;0;;1;0;0;0;0;;;;0;0;0;0;0;0;0;0;0;;;;;0;;0;0;0;0;;;0;1;;;;;;;;;
488;Great Head;Great Head (488);1;0;0;0;1;0;0;;;1;0;0;0;0;0;51;0;1;;;0;0;0;0;;0;1;0;0;0;;;;0;0;0;0;0;0;0;0;0;;;;;0;;0;0;0;0;;;0;0;;;;;;;;;
489;Immortal Head;Immortal Head (489);1;0;0;3;1;0;0;;;1;0;0;0;0;0;52;0;1;;;0;0;0;0;;0;1;0;0;0;;;;0;0;0;0;0;0;0;0;0;;;;;0;;0;0;0;0;;;0;0;;;;;;;;;
490;Lesser Head;Lesser Head (490);1;0;0;-3;0;0;0;;;1;0;0;0;0;0;50;0;1;;;0;0;0;0;;0;1;0;0;0;;;;0;0;0;0;0;0;0;0;0;;;;;0;;0;0;0;0;;;0;0;;;;;;;;;
491;Lesser Heads;Lesser Heads (491);1;0;0;-3;0;0;0;;;2;0;0;0;0;0;50;0;1;;;0;0;0;0;;0;1;0;0;0;;;;0;0;0;0;0;0;0;0;0;;;;;0;;0;0;0;0;;;0;0;;;;;;;;;
492;Rainbow;Rainbow (492);0;0;0;12;2;;;20;10;1;0;1;1;0;0;333;0;;;1;0;0;0;0;;1;1;0;0;0;;;;0;0;0;0;0;0;0;0;0;;;;;0;;0;0;0;0;;;0;0;;;;;;;;;
493;Sickle Staff;Sickle Staff (493);0;1;2;6;0;1;4;;;1;0;0;0;0;0;0;0;;1;;0;0;0;0;;0;1;0;0;0;;;;0;0;0;0;0;0;0;0;0;;;;;0;;0;0;0;0;;;0;0;;;;;;;;;
494;Poisonous Bite;Poisonous Bite (494);1;0;0;15;1;0;3;;;1;0;0;1;0;0;53;0;;1;;0;0;0;0;;0;1;0;0;0;;;;0;0;0;0;0;0;0;0;0;;;;;0;;0;0;0;0;;;0;0;;;;;;;;;
495;Poisonous Bite;Poisonous Bite (495);1;0;0;2;0;-1;3;;;1;0;0;0;0;0;53;0;;1;;0;0;0;0;;0;1;0;0;0;;;;0;0;0;0;0;0;0;0;0;;;;;0;;0;0;0;0;;;0;0;;;;;;;;;
496;Sacred Pitcher;Sacred Pitcher (496);0;0;0;1;0;0;1;;;1;0;0;0;0;0;0;497;;;;0;0;0;0;;1;0;0;0;0;;;;0;0;0;1;0;0;0;0;0;;;;;0;;0;0;0;1;;;0;0;;;;;;;;;
497;Sacred Water;Sacred Water (497);0;0;0;5;0;0;0;;;1;0;1;1;0;1;0;0;;;;0;0;0;0;;1;0;0;0;0;;;;0;0;0;1;0;0;0;0;0;;;;1;0;;0;0;0;0;;;0;0;;;;;;;;;
498;Twig;Twig (498);0;0;0;-3;0;0;1;;;1;0;0;0;0;0;0;0;;;1;0;0;0;0;;0;0;0;1;0;;;;0;0;0;0;0;0;0;0;0;;;;;0;;0;0;0;0;;;0;0;;;;;;;;;
499;Pestle;Pestle (499);0;0;0;1;-1;0;0;;;1;0;0;0;0;0;0;0;;;1;0;0;0;0;;0;1;0;0;0;;;;0;0;0;0;0;0;0;0;0;;;;;0;;0;0;0;0;;;0;0;;;;;;;;;
500;Poison Darts;Poison Darts (500);0;1;1;0;0;;;-1;6;2;0;0;0;0;0;54;0;1;;;0;0;0;0;;0;0;0;1;0;;;;0;0;0;0;0;0;0;0;0;;;;;0;;0;0;0;0;;;0;0;;;;;;;;;
501;Bamboo Rod;Bamboo Rod (501);0;0;0;1;1;2;2;;;1;0;0;0;0;0;0;0;;;1;0;0;0;0;;0;1;0;0;0;;;;0;0;0;0;0;0;0;0;0;;;;;0;;0;0;0;0;;;0;0;;;;;;;;;
502;Yak Tail Fly Whisk;Yak Tail Fly Whisk (502);0;0;1;-2;0;0;1;;;1;0;0;0;0;0;0;0;;;1;0;0;0;0;;0;0;0;1;0;;;;0;0;0;0;0;0;0;0;0;;;;;0;;0;0;0;0;;;0;0;;;;;;;;;
503;Theft of Strength;Theft of Strength (503);1;0;0;0;100;;;50;30;1;0;1;0;1;3;0;285;;;;0;0;0;0;;1;1;0;0;0;;;;0;0;0;0;0;0;0;0;0;;;;;0;;0;0;0;0;;;0;0;;;;;;;;;
504;Gaze of Death;Gaze of Death (504);1;0;0;25;100;;;50;30;1;0;1;1;1;5;0;0;;;;0;0;0;0;;1;1;0;0;0;;;;0;0;0;0;0;0;0;0;0;;;;;0;;1;0;0;0;;;0;0;;;;;;;;;
505;Devour;Devour (505);1;0;0;0;0;0;0;;;1;0;0;1;0;1;0;0;;;;0;0;0;0;;1;0;0;0;0;;;;0;0;0;0;0;1;0;0;0;;;;;0;;0;0;0;0;;;0;0;;;;1;;;;;
506;Plague Scythe;Plague Scythe (506);0;1;0;10;1;-2;4;;;1;0;0;0;0;0;143;0;;1;;0;0;0;0;;1;1;0;0;0;;;;0;0;0;0;0;0;0;0;0;;;;;0;;0;0;0;0;;;0;0;;;;;;;;;
507;Giant Pestle;Giant Pestle (507);0;0;0;9;-1;-1;0;;;1;0;0;0;0;0;0;0;;;1;0;0;0;0;;1;1;0;0;0;;;;0;0;0;0;0;0;0;0;0;;;;;0;;0;0;0;0;;;0;0;;;;;;;;;
508;Black Halberd;Black Halberd (508);0;1;9;11;0;-1;4;;;1;0;0;0;0;0;0;509;1;1;0;0;0;0;0;;1;1;0;0;0;;;;0;0;0;0;0;0;0;0;0;;;;;0;;0;0;0;0;;;0;0;;;;;;;;;
509;Bane of Heresy;Bane of Heresy (509);0;0;0;15;0;0;0;;;1;1;0;1;0;1;0;0;;;;0;0;0;0;;1;0;0;0;1;;;;0;0;0;0;0;0;0;0;0;;;;;0;1;0;0;0;0;;;0;0;;;;;;only affects sacred units;;;
510;Divine Grasp;Divine Grasp (510);0;0;0;-2;0;0;0;;;1;0;0;0;0;0;0;509;;;;0;0;0;0;;1;0;0;0;0;;;;0;0;0;0;1;0;0;0;0;;;;;0;;0;0;0;0;;;0;0;;;;;;;;;
511;Stump;Stump (511);1;0;0;-3;-2;-1;0;;;1;0;0;0;0;0;0;0;;;1;0;0;0;0;;0;1;0;0;0;;;;0;0;0;0;0;0;0;0;0;;;;;0;;0;0;0;0;;;0;0;;;;;;;;;
512;Fossilized Sword;Fossilized Sword (512);0;0;2;4;0;0;1;;;1;0;0;0;0;0;0;0;;;1;0;0;0;0;;0;1;0;0;0;;;;0;0;0;0;0;0;0;0;0;;;;;0;;0;0;0;0;;;0;0;;;;;;;;;
513;Kopesh;Kopesh (513);0;0;2;5;0;0;2;;;1;0;0;0;0;0;0;0;;1;;0;0;0;0;;0;1;0;0;0;;;;0;0;0;0;0;0;0;0;0;;;;;0;;0;0;0;0;;;0;0;;;;;;;;;
514;Vitriol Breath;Vitriol Breath (514);0;0;0;16;0;;;13;7;1;1;0;1;0;1;0;515;;;;0;0;0;0;;1;1;0;0;0;;;;0;0;0;0;0;0;0;0;0;;;;;0;;0;0;0;0;;;0;0;;;;;;;;;
515;Corrosion;Corrosion (515);0;0;0;spc;0;0;0;;;1;0;1;1;0;1;0;0;;;;0;0;0;0;;1;0;1;0;0;;;;0;0;0;0;0;0;0;0;0;;;;;0;;0;0;0;0;;;0;0;;;;;2048;rust;;;
516;Censer;Censer (516);0;0;2;1;-1;-1;2;;;1;0;0;0;0;0;0;517;;;1;0;0;0;0;;0;1;0;0;0;;;;0;0;0;0;0;0;0;0;0;;;;;0;;0;1;0;0;;;0;0;;;;;;;;;
517;Incense;Incense (517);0;0;0;10;0;0;0;;;1;0;1;1;0;1;0;0;;;;0;0;1;0;;1;0;0;0;0;;;;0;1;0;0;0;0;0;0;0;;;;;0;;0;0;0;0;;;0;0;;;;;;;?;;
518;Anakite Sword;Anakite Sword (518);0;0;6;8;1;2;3;;;1;0;0;0;0;0;0;0;;1;;0;0;0;0;;1;1;0;0;0;;;;0;0;0;0;0;0;0;0;0;;;;;0;;0;0;0;0;;;0;0;;;;;;;;;
519;Poison Tipped Spear;Poison Tipped Spear (519);0;0;4;3;0;0;4;;;1;0;0;0;0;0;51;0;1;;;0;0;0;0;;0;1;0;0;0;;;;0;0;0;0;0;0;0;0;0;;;;;0;;0;0;0;0;;;0;0;;;;;;;;;
520;Dawn Blade;Dawn Blade (520);0;0;8;9;2;2;3;;;1;0;0;0;0;0;0;0;;1;;0;0;0;0;;0;1;0;0;0;;;;0;0;0;0;0;0;0;0;0;;;;;0;;0;0;0;0;;;0;0;;;;;;;;;
521;The First Sword;The First Sword (521);0;1;0;21;7;7;3;;;1;1;0;0;0;0;0;0;;1;;0;0;0;0;;1;1;0;0;0;;;;0;0;0;0;0;0;0;0;0;;;;;0;;0;0;0;0;;;0;0;;;;;;;;;
522;Golden Horns;Golden Horns (522);1;0;0;0;-1;-1;0;;;1;0;0;0;0;0;0;0;1;1;;0;0;0;0;;1;1;0;0;0;;;;0;0;0;0;0;0;0;0;0;;;;;0;;0;0;0;0;;;0;0;;;;;;;;;
523;Golden Sickle;Golden Sickle (523);0;0;2;7;2;2;1;;;1;0;0;0;0;0;0;0;;1;;0;0;0;0;;1;1;0;0;0;;;;0;0;0;0;0;0;0;0;0;;;;;0;;0;0;0;0;;;0;0;;;;;;;;;
524;Pillar of Laws;Pillar of Laws (524);0;1;0;19;-3;-5;3;;;1;0;0;0;0;0;0;411;;;1;0;0;0;0;;1;1;0;0;0;;;;0;0;0;0;0;0;0;0;0;;;;;0;;0;0;0;0;;;0;0;;;;;;;;;
525;Gileadite Bow;Gileadite Bow (525);0;1;5;16;0;;;50;12;1;0;0;1;0;0;0;0;1;;;0;0;0;0;;0;1;0;0;0;;;;0;0;0;0;0;0;0;0;0;;;;;0;;0;0;0;0;;;0;0;;;;;;;;;
526;Soul Catcher;Soul Catcher (526);0;1;0;10;1;0;4;;;1;0;0;0;0;0;528;0;;;;0;0;0;0;;1;1;0;0;0;;;;0;0;0;0;0;0;0;0;0;;;;;0;;0;0;0;0;;;0;0;;;;;;;;;
527;Enchanted Katana;Enchanted Katana (527);0;1;7;7;4;3;2;;;1;0;0;0;0;0;0;0;;1;;0;0;0;0;;1;1;0;0;0;;;;0;0;0;0;0;0;0;0;0;;;;;0;;0;0;0;0;;;0;0;;;;;;;;;
528;Trap Soul;Trap Soul (528);0;0;0;spc;0;0;0;;;1;0;0;1;1;1;0;0;;;;0;0;0;0;;1;0;1;0;0;;;;0;0;0;0;0;0;0;0;0;;;;;0;;0;0;0;0;;;0;0;;;;;???;soul trap;;;
529;Ghost Rending Claw;Ghost Rending Claw (529);0;0;0;0;0;0;0;;;1;0;0;0;0;0;460;0;;1;;0;0;0;0;;1;1;0;0;0;;;;0;0;0;0;0;0;0;0;0;;;;;0;;0;0;0;0;;;0;0;;;;;;;;;
530;Enchanted Net;Enchanted Net (530);1;0;1;spc;0;0;4;;;1;0;0;0;0;0;528;;;;;0;0;0;0;;1;0;1;0;0;;;;0;0;0;0;0;0;0;0;0;;;;;0;;0;0;0;1;;;0;0;;;;;64;Entanglement; can be negated by large beings;;
531;Mighty Yari;Mighty Yari (531);0;0;1;4;1;0;5;;;1;0;0;0;0;0;0;0;1;;;0;0;0;0;;1;1;0;0;0;;;;0;0;0;0;0;0;0;0;0;;;;;0;;0;0;0;0;;;0;0;;;;;;;;;
532;Tail Sweep;Tail Sweep (532);1;1;0;-5;0;0;0;;;1;;;;;1;;;;;1;;;;;;0;1;0;0;;;;;;;;;;;;;;;;;;;;;;;;;;;;;;;;;;;;
533;Dragon Fire;Dragon Fire (533);0;0;0;0;0;;;-3;4;1;1;;;;b2r1;;;;;;1;;;;;1;1;0;0;;;;;;;;;;;;;;;;;;;;;;;;;;;;;;;;;;;;
534;Dragon Frost;Dragon Frost (534);0;0;0;-10;0;;;-3;5;1;1;;;;b4r1;;;;;;;1;;;;1;1;0;0;;;;;;;;;;;;;;;;;;;;;;;;;;;;;;;;;;;;
535;Dragon Gas;Dragon Gas (535);0;0;0;-10;0;;;-3;6;1;;1;;;b6r1;;;;;;;;1;;;1;0;0;0;;;;;;1;;;;;;;;;;;;;;;;;;;;;;;;;;;;;;
536;Mind Blast;Mind Blast (536);1;0;0;12;100;;;100;10;1;;1;1;1;;293;;;;;;;;;;1;0;0;0;;;;;1;;;;;;;;;;;;;;;1;;;;;;;;;;;;;;;;
537;Flick Barbs;Flick Barbs (537);0;0;1;10;-4;;;-1;3;3;;;1;;;51;;1;;;;;;;;0;1;0;0;;;;;;;;;;;;;;;;;;;;;;;;;;;;;;;;;;;;
538;Head Butt;Head Butt (538);0;0;0;-4;-4;-4;0;;;1;;;;;;;;1;;;;;;;;0;1;0;0;;;;;;;;;;;;;;;;;;;;;;;;;;;;;;;;;;;;
539;Copper Feathers;Copper Feathers (539);1;0;5;8;0;0;6;;;1;;;1;;1;;;1;;;;;;;;0;1;0;0;;;;;;;;;;;;;;;;;;;;;;;1;1;;;;;;;;;;;;
540;The Staff from the Sun;The Staff from the Sun (540);0;1;0;4;3;3;4;;;1;;;;;;;541;;;1;;;;;;1;1;0;0;;;;;;;;;;;;;;;;;;;;;;;;;;;;;;;;;;;;
541;Area Fire;Area Fire (541);0;0;0;14;0;0;0;;;1;1;;1;;3;;;;;;1;;;;;1;1;0;0;;;;;;;;;;;;;;;;;;;;;;;;;;;;;;;;;;;;
542;Acid;Acid (542);0;0;0;10;0;0;0;;;1;1;;1;;;;;;;;;;;;1;1;1;0;0;;;;;;;;;;;;;;;;;;;;;1;;;;;;;;;;;;;;;
543;Slap;Slap (543);0;0;0;1;0;0;0;;;1;;1;1;;;544;;;;;;;;;;1;1;0;1;;;;;;;;;;;;;;;;;;;;;;;;;;;;;;;;;;;;
544;Shrink;Shrink (544);0;0;0;spc;0;0;0;;;1;;1;1;1;;;;;;;;;;;;1;0;1;0;;;;;;;;;;;;;;;;;;;;;;;;;;;;;;;;2^32;;;;
545;Slap;Slap (545);0;0;0;1;0;0;0;;;1;;1;1;0;;544;;;;;;;;;;1;0;0;1;;;;;;;;;;;;;;;;;;;;;;;;;;;;;;;;;;;;
546;Boulder;Boulder (546);0;0;0;8;0;;;-3;15;1;;;;;;;;;;1;;;;;;1;1;0;0;;;;;;;;;;;;;;;;;;;;;;;;;;;;;;;;;;;;
547;Buff;Buff (547);0;0;0;-5;0;0;0;;;1;;;;;;;;;;1;;;;;;0;1;0;0;;;;;;;;;;;;;;;;;;;;;;;;;;;;;;;;;;;;
548;Eyecatcher;Eyecatcher (548);0;0;0;-5;-2;0;0;;;1;;1;;;;333;;1;;;;;;;;1;1;0;0;;;;;;;;;;;;;;;;;;;;;;;;;;;;;;;;;;;;
549;Mantis Claw;Mantis Claw (549);0;0;0;0;0;0;0;;;1;;;;;;;;1;;;;;;;;1;1;0;0;;;;;;;;;;;;;;;;;;;;;;;;;;;;;;;;;;;;
550;Weakness Tentacle;Weakness Tentacle (550);0;0;0;-5;0;0;0;;;1;1;;;;;285;;;;;;;;;;1;1;0;0;;;;;;;;;;;;;;;;;;;;;;;;;;;;;;;;;;;;
551;Soul Rending Claw;Soul Rending Claw (551);0;0;0;0;0;0;0;;;1;;;;;;552;;;1;;;;;;;1;1;0;0;;;;;;;;;;;;;;;;;;;;;;;;;;;;;;;;;;;;
552;Soul Rend;Soul Rend (552);0;0;0;0;0;0;0;;;1;;1;;;;367;;;;;;;;;;1;1;0;0;;;;;;;;;;;;;;;;;;;;1;;;;;;;;;;;;;;;;
553;Rock;Rock (553);0;0;0;0;-1;-1;0;;;1;;;;;;;;;;1;;;;;;0;1;0;0;;;;;;;;;;;;;;;;;;;;;;;;;;;;;;;;;;;;
554;Lictor Axe;Lictor Axe (554);0;1;0;10;1;0;2;;;1;;;;;;460;;;1;;;;;;;1;1;0;0;;;;;;;;;;;;;;;;;;;;;;;;;;;;;;;;;;;;
555;Dawn Fang;Dawn Fang (555);0;0;0;8;2;2;3;;;1;;;;;;;;;1;;;;;;;1;0;0;0;;;;;;;;1;;;;;;;;;;;;;;;;;;;;;;;;;;;;
556;Belly Maw;Belly Maw (556);1;0;0;5;0;0;0;;;1;;;;;;;;;1;;;;;;;1;0;0;0;;;;;;;;;;1;;;;;;;;;;;;;;;;;;;;;;;;;;
557;Stinger;Stinger (557);1;0;0;0;0;0;3;;;1;1;;;;;52;;1;;;;;;;;1;1;0;0;;;;;;;;;;;;;;;;;;;;;;;;;;;;;;;;;;;;
558;Distorted Claw;Distorted Claw (558);0;0;0;0;0;0;0;;;1;;1;;;;;;;1;;;;;;;1;1;0;0;;;;;;;;;;;;;;;;;;;;;;;;;;;;;;;;;;;;
559;Brass Claw;Brass Claw (559);0;0;0;0;0;0;0;;;1;;;;;;232;;;1;;;;;;;1;1;0;0;;;;;;;;;;;;;;;;;;;;;;;;;;;;;;;;;;;;
560;Venomous Bite;Venomous Bite (560);1;0;0;2;0;-1;0;;;1;;;;;;51;;;1;;;;;;;1;1;0;0;;;;;;;;;;;;;;;;;;;;;;;;;;;;;;;;;;;;
561;Gore Tide;Gore Tide (561);0;0;0;0;0;0;0;;;1;;1;;1;1;;;;;;;;;;;0;1;0;0;;;;;;;;;;;;;;;;;;;;;;;;;1;;;;;;;;;;;
562;Stone Fist;Stone Fist (562);0;0;0;0;-1;-1;0;;;1;;;;;;;;;;1;;;;;;1;1;0;0;;;;;;;;;;;;;;;;;;;;;;;;;;;;;;;;;;;;
563;Spirit Club;Spirit Club (563);0;1;7;9;1;0;3;;;1;;;;;;564;;;;1;;;;;;1;1;0;0;;;;;;;;;;;;;;;;;;;;;;;;;;;;;;;;;;;;
564;Stunning Blow;Stunning Blow (564);0;0;0;10;0;0;0;;;1;;1;;;;;;;;;;;;;;1;0;0;0;;1;;;;;;;;;;;;;;;;;;;;;;;;;;;;;;;;;;
565;Golden Arbalest;Golden Arbalest (565);0;1;0;18;10;;;50;12;2;1;;1;;;;;1;;;;;;;;1;1;0;0;;;;;;;;;;;;;;;;;;;;;;;;;;;;;;;;;;;;
566;Ivory Bow;Ivory Bow (566);0;1;0;14;2;;;45;12;1;1;;;;;64;;1;;;;;;;;1;0;0;0;;;;;;;;;;;;;;;;;;;;;;;;;;;;;1;;;;;;;
567;Drake Fire;Drake Fire (567);0;0;0;0;0;;;6;4;1;1;;;;b1r1;;;;;;1;;;;;1;1;0;0;;;;;;;;;;;;;;;;;;;;;;;;;;;;;;;;;;;;
568;Drake Frost;Drake Frost (568);0;0;0;-10;0;;;6;5;1;1;;;;b2r1;;;;;;;1;;;;1;1;0;0;;;;;;;;;;;;;;;;;;;;;;;;;;;;;;;;;;;;
569;Drake Gas;Drake Gas (569);0;0;0;-10;0;;;5;6;1;;1;;;b3r1;;;;;;;;1;;;1;0;0;0;;;;;;1;;;;;;;;;;;;;;;;;;;;;;;;;;;;;;
570;Carmine Cleaver;Carmine Cleaver (570);0;1;0;18;4;2;3;;;1;1;;;;;571;;;1;;;;;;;1;1;0;0;;;;;;;;;;;;;;;;;;;;;;;;;;;;;;;;;;;;
571;Burn Flesh;Burn Flesh (571);0;0;0;18;0;0;0;;;1;1;;1;;;;;;;;1;;;;;1;1;0;0;;;;;;;;;;;;;;;;;;;;;;;;;;;;;;;;;;;;
572;Spectral Long Spear;Spectral Long Spear (572);0;0;0;3;0;-1;5;;;1;;;;1;;;;;;;;;;;;1;1;0;0;;;;;;;;;;;;;;;;;;;;;;;;;;;;;;;;;;;;
573;Poisonous Gore;Poisonous Gore (573);1;0;0;0;-1;-1;0;;;1;;;;;;51;;;1;;;;;;;0;1;0;0;;;;;;;;;;;;;;;;;;;;;;;;;;;;;;;;;;;;
574;Shatterfist;Shatterfist (574);0;0;0;0;0;0;0;;;1;;;;;;328;;;;1;;;;;;1;1;0;0;;;;;;;;;;;;;;;;;;;;;;;;;;;;;;;;;;;;
575;Tiny Slap;Tiny Slap (575);1;0;0;0;0;0;0;;;1;;;;;;;;;;1;;;;;;0;0;0;1;;;;;;;;;;;;;;;;;;;;;;;;;1;;;;;;;;;;;
576;Weak Bite;Weak Bite (576);1;0;0;0;0;0;0;;;1;;1;;;;;;;1;;;;;;;0;0;0;1;;;;;;;;;;;;;;;;;;;;;;;;;;;;;;;;;;;;
577;Coral Lance;Coral Lance (577);0;0;1;2;0;0;4;;;1;;;;;;50;;1;;;;;;;;0;1;0;0;;;;;;;;;;;;;;;;;;;;;;1;;;;;;;;;;;;;;
578;Tiny Sting;Tiny Sting (578);1;0;0;0;0;0;0;;;1;1;;;;;50;;1;;;;;;;;0;0;0;1;;;;;;;;;;;;;;;;;;;;;;;;;1;;;;;;;;;;;
579;Skull Club;Skull Club (579);0;0;0;6;1;0;2;;;1;;;;;;;;;;1;;;;;;1;1;0;0;;;;;;;;;;;;;;;;;;;;;;;;;;;;;;;;;;;;
580;Coral Long Spear;Coral Long Spear (580);0;0;2;2;0;-1;5;;;1;;;;;;50;;1;;;;;;;;0;1;0;0;;;;;;;;;;;;;;;;;;;;;;;;;;;;;;;;;;;;
581;Bident;Bident (581);0;1;2;7;0;1;4;;;1;;;;;;;;1;;;;;;;;1;1;0;0;;;;;;;;;;;;;;;;;;;;;;;;;;;;;;;;;;;;
582;Snake Skirt;Snake Skirt (582);1;0;0;-4;-2;0;0;;;5;;;;;;50;;1;;;;;;;;0;1;0;0;;;;;;;;;;;;;;;;;;;;;;;;;;;;;;;;;;;;
583;Taloned Kick;Taloned Kick (583);1;0;0;1;0;0;0;;;1;;;;;;;;;1;;;;;;;0;1;0;0;;;;;;;;;;;;;;;;;;;;;;;;;;;;;;;;;;;;
584;Lightning;Lightning (584);0;0;0;0;3;;;30;3;1;;1;;;;;;;;;;;;1;;1;1;0;0;;;;;;;;;;;;;;;;;;;;;;;;;;;;;;;;;;;;
585;Serpent Club;Serpent Club (585);0;0;0;7;2;0;2;;;1;;;;;;50;;1;;1;;;;;;1;1;0;0;;;;;;;;;;;;;;;;;;;;;;;;;;;;;;;;;;;;
586;Venomous Bite;Venomous Bite (586);1;0;0;2;0;-1;0;;;1;;;;;;50;;;1;;;;;;;1;1;0;0;;;;;;;;;;;;;;;;;;;;;;;;;;;;;;;;;;;;
587;Torc;Torc (587);0;0;0;0;0;0;1;;;1;;;;;;;;;;1;;;;;;1;1;0;0;;;;;;;;;;;;;;;;;;;;;;;;;;;;;;;;;;;;
588;Champion's Gladius;Champion's Gladius (588);0;0;0;8;2;4;1;;;1;;;;;;;;1;1;;;;;;;1;1;0;0;;;;;;;;;;;;;;;;;;;;;;;;;;;;;;;;;;;;
589;Tail Slap;Tail Slap (589);1;0;0;-5;-2;0;0;;;1;;;;;;;;;;1;;;;;;0;1;0;0;;;;;;;;;;;;;;;;;;;;;;;;;;;;;;;;;;;;
590;Short Pike;Short Pike (590);0;1;2;5;0;-1;5;;;1;;;;;;;;1;;;;;;;;0;1;0;0;;;;;;;;;;;;;;;;;;;;;;;;;;;;;;;;;;;;
591;Cod;Cod (591);0;0;0;-3;0;0;1;;;1;;;;;;;;;;1;;;;;;0;0;0;1;;;;;;;;;;;;;;;;;;;;;;;;;;;;;;;;;;;;
592;Stinger;Stinger (592);1;0;0;0;2;0;0;;;1;;;;;;51;;1;;;;;;;;0;1;0;0;;;;;;;;;;;;;;;;;;;;;;;;;;;;;;;;;;;;
593;Spiked Club;Spiked Club (593);0;0;0;4;0;0;1;;;1;;;;;;;;1;;1;;;;;;0;1;0;0;;;;;;;;;;;;;;;;;;;;;;;;;;;;;;;;;;;;
594;Poison Bow;Poison Bow (594);0;1;3;9;1;;;30;12;1;;;1;;;50;;1;;;;;;;;0;1;0;0;;;;;;;;;;;;;;;;;;;;;;;;;;;;;;;;;;;;
595;Hypnotize;Hypnotize (595);1;0;0;spc;100;;;5;1;1;;;1;1;;;;;;;;;;;;1;0;1;0;;;;;;;;;;;;;;;;;;;;1;;;;;;;;;;;;;;;;
596;Light Lance;Light Lance (596);1;0;2;3;1;0;4;;;1;;;;;;;;1;;;;;;;;0;1;0;0;;;;;;;;;;;;;;;;;;;;;;1;1;1;;;;;;;;;;;;
597;Life Drain;Life Drain (597);1;0;0;10;2;0;0;;;1;1;;1;;;;;;;;;;;;;1;0;0;0;;;;;;;;;;;;;;;;;;;;;;;;;;1;;;;;;;;;;
598;Shard Glaive;Shard Glaive (598);0;1;8;10;1;0;4;;;1;;;;;;118;;1;1;;;;;;;1;1;0;0;;;;;;;;;;;;;;;;;;;;;;;;;;;;;;;;;;;;
599;Corrosive Spit;Corrosive Spit (599);1;0;0;-5;0;;;-1;5;1;1;;;;;604;;;;;;;;;1;1;1;0;0;;;;;;;;;;;;;;;;;;;;;;;;;;;;;;;;;;;;
600;Crab Claw;Crab Claw (600);1;0;0;5;0;0;0;;;1;1;;;;;;;;;;;;;;;0;1;0;0;;;;;;;;;;;;;;;;;;;;;;;;;;;;;;;;;;;;
601;Cave Fire Bottle;Cave Fire Bottle (601);0;0;0;10;-1;;;-2;1;1;1;;1;;;;;;;;1;;;;;1;1;0;0;;;;;;;;;;;;;;;;;;;;;;;;;;;;;;;;;;;;
602;Fossilized Hatchet;Fossilized Hatchet (602);0;0;2;4;1;0;1;;;1;;;;;;;;;;1;;;;;;0;1;0;0;;;;;;;;;;;;;;;;;;;;;;;;;;;;;;;;;;;;
603;Corrosive Bite;Corrosive Bite (603);1;0;0;2;0;-1;0;;;1;;;;;;604;;1;;;;;;;;1;1;0;0;;;;;;;;;;;;;;;;;;;;;;;;;;;;;;;;;;;;
604;Corrosion;Corrosion (604);0;0;0;spc;0;0;0;;;1;;1;;;1;;;;;;;;;;;1;0;1;0;;;;;;;;;;;;;;;;;;;;;;;;;;;;;;;;;;;;
605;Throw Rocks;Throw Rocks (605);0;0;0;-3;-2;;;-1;2;1;;;;;;;;;;1;;;;;;0;1;0;0;;;;;;;;;;;;;;;;;;;;;;;;;;;;;;;;;;;;
606;Frost Bow;Frost Bow (606);0;1;5;9;1;;;30;12;1;;;;;;607;;1;;;;;;;;1;;;;;;;;;;;;;;;;;;;;;;;;;;;;;;;;;;;;;;;
607;;;;;;;;;;;;;;;;;;;;;;;;;;;;;;;;;;;;;;;;;;;;;;;;;;;;;;;;;;;;;;;;;;;
608;;;;;;;;;;;;;;;;;;;;;;;;;;;;;;;;;;;;;;;;;;;;;;;;;;;;;;;;;;;;;;;;;;;
609;;;;;;;;;;;;;;;;;;;;;;;;;;;;;;;;;;;;;;;;;;;;;;;;;;;;;;;;;;;;;;;;;;;
610;;;;;;;;;;;;;;;;;;;;;;;;;;;;;;;;;;;;;;;;;;;;;;;;;;;;;;;;;;;;;;;;;;;
611;;;;;;;;;;;;;;;;;;;;;;;;;;;;;;;;;;;;;;;;;;;;;;;;;;;;;;;;;;;;;;;;;;;
612;;;;;;;;;;;;;;;;;;;;;;;;;;;;;;;;;;;;;;;;;;;;;;;;;;;;;;;;;;;;;;;;;;;
613;;;;;;;;;;;;;;;;;;;;;;;;;;;;;;;;;;;;;;;;;;;;;;;;;;;;;;;;;;;;;;;;;;;
614;;;;;;;;;;;;;;;;;;;;;;;;;;;;;;;;;;;;;;;;;;;;;;;;;;;;;;;;;;;;;;;;;;;
615;Hoof;Hoof (615);1;;;15;;;;;;1;;;;;;;;;;1;;;;;;;;;;;;;;;;;;;;;;;;;;;;;;;;;;;;;;;;;;;;;
616;;;;;;;;;;;;;;;;;;;;;;;;;;;;;;;;;;;;;;;;;;;;;;;;;;;;;;;;;;;;;;;;;;;
617;;;;;;;;;;;;;;;;;;;;;;;;;;;;;;;;;;;;;;;;;;;;;;;;;;;;;;;;;;;;;;;;;;;
618;;;;;;;;;;;;;;;;;;;;;;;;;;;;;;;;;;;;;;;;;;;;;;;;;;;;;;;;;;;;;;;;;;;
619;;;;;;;;;;;;;;;;;;;;;;;;;;;;;;;;;;;;;;;;;;;;;;;;;;;;;;;;;;;;;;;;;;;
620;;;;;;;;;;;;;;;;;;;;;;;;;;;;;;;;;;;;;;;;;;;;;;;;;;;;;;;;;;;;;;;;;;;
621;;;;;;;;;;;;;;;;;;;;;;;;;;;;;;;;;;;;;;;;;;;;;;;;;;;;;;;;;;;;;;;;;;;
622;;;;;;;;;;;;;;;;;;;;;;;;;;;;;;;;;;;;;;;;;;;;;;;;;;;;;;;;;;;;;;;;;;;
623;;;;;;;;;;;;;;;;;;;;;;;;;;;;;;;;;;;;;;;;;;;;;;;;;;;;;;;;;;;;;;;;;;;
624;;;;;;;;;;;;;;;;;;;;;;;;;;;;;;;;;;;;;;;;;;;;;;;;;;;;;;;;;;;;;;;;;;;
625;;;;;;;;;;;;;;;;;;;;;;;;;;;;;;;;;;;;;;;;;;;;;;;;;;;;;;;;;;;;;;;;;;;
626;;;;;;;;;;;;;;;;;;;;;;;;;;;;;;;;;;;;;;;;;;;;;;;;;;;;;;;;;;;;;;;;;;;
627;;;;;;;;;;;;;;;;;;;;;;;;;;;;;;;;;;;;;;;;;;;;;;;;;;;;;;;;;;;;;;;;;;;
628;;;;;;;;;;;;;;;;;;;;;;;;;;;;;;;;;;;;;;;;;;;;;;;;;;;;;;;;;;;;;;;;;;;
629;;;;;;;;;;;;;;;;;;;;;;;;;;;;;;;;;;;;;;;;;;;;;;;;;;;;;;;;;;;;;;;;;;;
630;;;;;;;;;;;;;;;;;;;;;;;;;;;;;;;;;;;;;;;;;;;;;;;;;;;;;;;;;;;;;;;;;;;
631;;;;;;;;;;;;;;;;;;;;;;;;;;;;;;;;;;;;;;;;;;;;;;;;;;;;;;;;;;;;;;;;;;;
632;;;;;;;;;;;;;;;;;;;;;;;;;;;;;;;;;;;;;;;;;;;;;;;;;;;;;;;;;;;;;;;;;;;
633;;;;;;;;;;;;;;;;;;;;;;;;;;;;;;;;;;;;;;;;;;;;;;;;;;;;;;;;;;;;;;;;;;;
634;;;;;;;;;;;;;;;;;;;;;;;;;;;;;;;;;;;;;;;;;;;;;;;;;;;;;;;;;;;;;;;;;;;
635;;;;;;;;;;;;;;;;;;;;;;;;;;;;;;;;;;;;;;;;;;;;;;;;;;;;;;;;;;;;;;;;;;;
636;end;end;;;;;;;;;;;;;;;;;;;;;;;;;;;;;;;;;;;;;;;;;;;;;;;;;;;;;;;;;;;;;;;;;
636;;;;;;;;;;;;;;;;;;;;;;;;;;;;;;;;;;;;;;;;;;;;;;;;;;;;;;;;;;;;;;;;;;;
637;;;;;;;;;;;;;;;;;;;;;;;;;;;;;;;;;;;;;;;;;;;;;;;;;;;;;;;;;;;;;;;;;;;
638;;;;;;;;;;;;;;;;;;;;;;;;;;;;;;;;;;;;;;;;;;;;;;;;;;;;;;;;;;;;;;;;;;;
639;;;;;;;;;;;;;;;;;;;;;;;;;;;;;;;;;;;;;;;;;;;;;;;;;;;;;;;;;;;;;;;;;;;
640;;;;;;;;;;;;;;;;;;;;;;;;;;;;;;;;;;;;;;;;;;;;;;;;;;;;;;;;;;;;;;;;;;;
641;;;;;;;;;;;;;;;;;;;;;;;;;;;;;;;;;;;;;;;;;;;;;;;;;;;;;;;;;;;;;;;;;;;
642;;;;;;;;;;;;;;;;;;;;;;;;;;;;;;;;;;;;;;;;;;;;;;;;;;;;;;;;;;;;;;;;;;;
643;;;;;;;;;;;;;;;;;;;;;;;;;;;;;;;;;;;;;;;;;;;;;;;;;;;;;;;;;;;;;;;;;;;
644;;;;;;;;;;;;;;;;;;;;;;;;;;;;;;;;;;;;;;;;;;;;;;;;;;;;;;;;;;;;;;;;;;;
645;;;;;;;;;;;;;;;;;;;;;;;;;;;;;;;;;;;;;;;;;;;;;;;;;;;;;;;;;;;;;;;;;;;
646;;;;;;;;;;;;;;;;;;;;;;;;;;;;;;;;;;;;;;;;;;;;;;;;;;;;;;;;;;;;;;;;;;;
647;;;;;;;;;;;;;;;;;;;;;;;;;;;;;;;;;;;;;;;;;;;;;;;;;;;;;;;;;;;;;;;;;;;
648;;;;;;;;;;;;;;;;;;;;;;;;;;;;;;;;;;;;;;;;;;;;;;;;;;;;;;;;;;;;;;;;;;;
649;;;;;;;;;;;;;;;;;;;;;;;;;;;;;;;;;;;;;;;;;;;;;;;;;;;;;;;;;;;;;;;;;;;
650;;;;;;;;;;;;;;;;;;;;;;;;;;;;;;;;;;;;;;;;;;;;;;;;;;;;;;;;;;;;;;;;;;;
651;;;;;;;;;;;;;;;;;;;;;;;;;;;;;;;;;;;;;;;;;;;;;;;;;;;;;;;;;;;;;;;;;;;
652;;;;;;;;;;;;;;;;;;;;;;;;;;;;;;;;;;;;;;;;;;;;;;;;;;;;;;;;;;;;;;;;;;;
653;;;;;;;;;;;;;;;;;;;;;;;;;;;;;;;;;;;;;;;;;;;;;;;;;;;;;;;;;;;;;;;;;;;
654;;;;;;;;;;;;;;;;;;;;;;;;;;;;;;;;;;;;;;;;;;;;;;;;;;;;;;;;;;;;;;;;;;;
655;;;;;;;;;;;;;;;;;;;;;;;;;;;;;;;;;;;;;;;;;;;;;;;;;;;;;;;;;;;;;;;;;;;
656;;;;;;;;;;;;;;;;;;;;;;;;;;;;;;;;;;;;;;;;;;;;;;;;;;;;;;;;;;;;;;;;;;;
657;;;;;;;;;;;;;;;;;;;;;;;;;;;;;;;;;;;;;;;;;;;;;;;;;;;;;;;;;;;;;;;;;;;
658;;;;;;;;;;;;;;;;;;;;;;;;;;;;;;;;;;;;;;;;;;;;;;;;;;;;;;;;;;;;;;;;;;;
659;;;;;;;;;;;;;;;;;;;;;;;;;;;;;;;;;;;;;;;;;;;;;;;;;;;;;;;;;;;;;;;;;;;
660;;;;;;;;;;;;;;;;;;;;;;;;;;;;;;;;;;;;;;;;;;;;;;;;;;;;;;;;;;;;;;;;;;;
661;;;;;;;;;;;;;;;;;;;;;;;;;;;;;;;;;;;;;;;;;;;;;;;;;;;;;;;;;;;;;;;;;;;
662;;;;;;;;;;;;;;;;;;;;;;;;;;;;;;;;;;;;;;;;;;;;;;;;;;;;;;;;;;;;;;;;;;;
663;;;;;;;;;;;;;;;;;;;;;;;;;;;;;;;;;;;;;;;;;;;;;;;;;;;;;;;;;;;;;;;;;;;
664;;;;;;;;;;;;;;;;;;;;;;;;;;;;;;;;;;;;;;;;;;;;;;;;;;;;;;;;;;;;;;;;;;;
665;;;;;;;;;;;;;;;;;;;;;;;;;;;;;;;;;;;;;;;;;;;;;;;;;;;;;;;;;;;;;;;;;;;
666;;;;;;;;;;;;;;;;;;;;;;;;;;;;;;;;;;;;;;;;;;;;;;;;;;;;;;;;;;;;;;;;;;;
667;;;;;;;;;;;;;;;;;;;;;;;;;;;;;;;;;;;;;;;;;;;;;;;;;;;;;;;;;;;;;;;;;;;
668;;;;;;;;;;;;;;;;;;;;;;;;;;;;;;;;;;;;;;;;;;;;;;;;;;;;;;;;;;;;;;;;;;;
669;;;;;;;;;;;;;;;;;;;;;;;;;;;;;;;;;;;;;;;;;;;;;;;;;;;;;;;;;;;;;;;;;;;
670;;;;;;;;;;;;;;;;;;;;;;;;;;;;;;;;;;;;;;;;;;;;;;;;;;;;;;;;;;;;;;;;;;;
671;;;;;;;;;;;;;;;;;;;;;;;;;;;;;;;;;;;;;;;;;;;;;;;;;;;;;;;;;;;;;;;;;;;
672;;;;;;;;;;;;;;;;;;;;;;;;;;;;;;;;;;;;;;;;;;;;;;;;;;;;;;;;;;;;;;;;;;;
673;;;;;;;;;;;;;;;;;;;;;;;;;;;;;;;;;;;;;;;;;;;;;;;;;;;;;;;;;;;;;;;;;;;
674;;;;;;;;;;;;;;;;;;;;;;;;;;;;;;;;;;;;;;;;;;;;;;;;;;;;;;;;;;;;;;;;;;;
675;;;;;;;;;;;;;;;;;;;;;;;;;;;;;;;;;;;;;;;;;;;;;;;;;;;;;;;;;;;;;;;;;;;
676;;;;;;;;;;;;;;;;;;;;;;;;;;;;;;;;;;;;;;;;;;;;;;;;;;;;;;;;;;;;;;;;;;;
677;;;;;;;;;;;;;;;;;;;;;;;;;;;;;;;;;;;;;;;;;;;;;;;;;;;;;;;;;;;;;;;;;;;
678;;;;;;;;;;;;;;;;;;;;;;;;;;;;;;;;;;;;;;;;;;;;;;;;;;;;;;;;;;;;;;;;;;;
679;;;;;;;;;;;;;;;;;;;;;;;;;;;;;;;;;;;;;;;;;;;;;;;;;;;;;;;;;;;;;;;;;;;
680;;;;;;;;;;;;;;;;;;;;;;;;;;;;;;;;;;;;;;;;;;;;;;;;;;;;;;;;;;;;;;;;;;;
681;;;;;;;;;;;;;;;;;;;;;;;;;;;;;;;;;;;;;;;;;;;;;;;;;;;;;;;;;;;;;;;;;;;
682;;;;;;;;;;;;;;;;;;;;;;;;;;;;;;;;;;;;;;;;;;;;;;;;;;;;;;;;;;;;;;;;;;;
683;;;;;;;;;;;;;;;;;;;;;;;;;;;;;;;;;;;;;;;;;;;;;;;;;;;;;;;;;;;;;;;;;;;
684;;;;;;;;;;;;;;;;;;;;;;;;;;;;;;;;;;;;;;;;;;;;;;;;;;;;;;;;;;;;;;;;;;;
685;;;;;;;;;;;;;;;;;;;;;;;;;;;;;;;;;;;;;;;;;;;;;;;;;;;;;;;;;;;;;;;;;;;
686;;;;;;;;;;;;;;;;;;;;;;;;;;;;;;;;;;;;;;;;;;;;;;;;;;;;;;;;;;;;;;;;;;;
687;;;;;;;;;;;;;;;;;;;;;;;;;;;;;;;;;;;;;;;;;;;;;;;;;;;;;;;;;;;;;;;;;;;
688;;;;;;;;;;;;;;;;;;;;;;;;;;;;;;;;;;;;;;;;;;;;;;;;;;;;;;;;;;;;;;;;;;;
689;;;;;;;;;;;;;;;;;;;;;;;;;;;;;;;;;;;;;;;;;;;;;;;;;;;;;;;;;;;;;;;;;;;
690;;;;;;;;;;;;;;;;;;;;;;;;;;;;;;;;;;;;;;;;;;;;;;;;;;;;;;;;;;;;;;;;;;;
691;;;;;;;;;;;;;;;;;;;;;;;;;;;;;;;;;;;;;;;;;;;;;;;;;;;;;;;;;;;;;;;;;;;
692;;;;;;;;;;;;;;;;;;;;;;;;;;;;;;;;;;;;;;;;;;;;;;;;;;;;;;;;;;;;;;;;;;;
693;;;;;;;;;;;;;;;;;;;;;;;;;;;;;;;;;;;;;;;;;;;;;;;;;;;;;;;;;;;;;;;;;;;
694;;;;;;;;;;;;;;;;;;;;;;;;;;;;;;;;;;;;;;;;;;;;;;;;;;;;;;;;;;;;;;;;;;;
695;;;;;;;;;;;;;;;;;;;;;;;;;;;;;;;;;;;;;;;;;;;;;;;;;;;;;;;;;;;;;;;;;;;
696;;;;;;;;;;;;;;;;;;;;;;;;;;;;;;;;;;;;;;;;;;;;;;;;;;;;;;;;;;;;;;;;;;;
697;;;;;;;;;;;;;;;;;;;;;;;;;;;;;;;;;;;;;;;;;;;;;;;;;;;;;;;;;;;;;;;;;;;
698;;;;;;;;;;;;;;;;;;;;;;;;;;;;;;;;;;;;;;;;;;;;;;;;;;;;;;;;;;;;;;;;;;;
699;;;;;;;;;;;;;;;;;;;;;;;;;;;;;;;;;;;;;;;;;;;;;;;;;;;;;;;;;;;;;;;;;;;
700;;;;;;;;;;;;;;;;;;;;;;;;;;;;;;;;;;;;;;;;;;;;;;;;;;;;;;;;;;;;;;;;;;;
