id;name;effect_record_id;att;def;len;nratt;rng;ammo;secondaryeffect;secondaryeffectalways;rcost;bonus;2h;dmg;ap;an;nostr;aoe;dt_pierce;dt_slash;dt_blunt;fire;cold;poison;shock;acid;magic;dt_norm;dt_cap;dt_stun;dt_paralyze;dt_poison;dt_demon;dt_holy;dt_magic;dt_small;dt_large;mind;flail;charge;onestrike;norepel;dt_raise;other;x;flyspr;animlength;ferrous;flammable;dt_weakness;dt_drain;dt_weapondrain;demononly;mrnegates;sacredonly;sizeresist;
0;Nothing;1;0;0;0;0;0;0;0;0;0;0;0;0;0;0;1;0;0;0;0;0;0;;0;0;0;1;0;0;0;0;0;0;0;0;0;0;0;0;0;0;0;;;;;0;0;0;0;0;0;0;0;0;
1;Spear;2;0;0;4;1;0;0;0;0;1;0;0;3;0;0;0;0;1;0;0;0;0;;0;0;0;1;0;0;0;0;0;0;0;0;0;0;0;0;0;0;0;;;;;1;0;0;0;0;0;0;0;0;
2;Pike;3;0;-1;6;1;0;0;0;0;2;0;1;5;0;0;0;0;1;0;0;0;0;;0;0;0;1;0;0;0;0;0;0;0;0;0;0;0;0;0;0;0;;;;;1;0;0;0;0;0;0;0;0;
3;Trident;4;0;0;4;1;0;0;0;0;2;0;0;7;0;0;0;0;1;0;0;0;0;;0;0;0;1;0;0;0;0;0;0;0;0;0;0;0;0;0;0;0;;;;;1;0;0;0;0;0;0;0;0;
4;Lance;5;1;0;4;1;0;1;0;0;2;1;0;6;0;0;0;0;1;0;0;0;0;;0;0;0;1;0;0;0;0;0;0;0;0;0;0;0;1;1;1;0;;;;;0;0;0;0;0;0;0;0;0;
5;Halberd;6;-1;1;4;1;0;0;0;0;4;0;1;10;0;0;0;0;1;1;0;0;0;;0;0;0;1;0;0;0;0;0;0;0;0;0;0;0;0;0;0;0;;;;;1;0;0;0;0;0;0;0;0;
6;Short Sword;7;0;2;1;1;0;0;0;0;2;0;0;5;0;0;0;0;1;1;0;0;0;;0;0;0;1;0;0;0;0;0;0;0;0;0;0;0;0;0;0;0;;;;;1;0;0;0;0;0;0;0;0;
7;Quarterstaff;8;1;3;4;1;0;0;0;0;0;0;1;3;0;0;0;0;0;0;1;0;0;;0;0;0;1;0;0;0;0;0;0;0;0;0;0;0;0;0;0;0;;;;;0;1;0;0;0;0;0;0;0;
8;Broad Sword;9;0;1;2;1;0;0;0;0;3;0;0;6;0;0;0;0;0;1;0;0;0;;0;0;0;1;0;0;0;0;0;0;0;0;0;0;0;0;0;0;0;;;;;1;0;0;0;0;0;0;0;0;
9;Dagger;10;1;0;0;1;0;0;0;0;0;0;0;2;0;0;0;0;1;0;0;0;0;;0;0;0;1;0;0;0;0;0;0;0;0;0;0;0;0;0;0;0;;;;;1;0;0;0;0;0;0;0;0;
10;Falchion;11;0;0;2;1;0;0;0;0;4;0;0;7;0;0;0;0;0;1;0;0;0;;0;0;0;1;0;0;0;0;0;0;0;0;0;0;0;0;0;0;0;;;;;1;0;0;0;0;0;0;0;0;
11;Great Sword;12;1;2;3;1;0;0;0;0;5;0;1;9;0;0;0;0;0;1;0;0;0;;0;0;0;1;0;0;0;0;0;0;0;0;0;0;0;0;0;0;0;;;;;1;0;0;0;0;0;0;0;0;
12;Mace;13;0;0;1;1;0;0;0;0;1;0;0;5;0;0;0;0;0;0;1;0;0;;0;0;0;1;0;0;0;0;0;0;0;0;0;0;0;0;0;0;0;;;;;0;0;0;0;0;0;0;0;0;
13;Hammer;14;0;-1;1;1;0;0;0;0;2;0;0;7;0;0;0;0;1;0;1;0;0;;0;0;0;1;0;0;0;0;0;0;0;0;0;0;0;0;0;0;0;;;;;1;0;0;0;0;0;0;0;0;
14;Maul;15;0;-1;3;1;0;0;0;0;1;0;1;9;0;0;0;0;0;0;1;0;0;;0;0;0;1;0;0;0;0;0;0;0;0;0;0;0;0;0;0;0;;;;;0;0;0;0;0;0;0;0;0;
15;Morningstar;16;1;-2;2;1;0;0;0;0;2;0;0;6;0;0;0;0;1;0;1;0;0;;0;0;0;1;0;0;0;0;0;0;0;0;0;0;1;0;0;0;0;;;;;1;0;0;0;0;0;0;0;0;
16;Flail;17;1;-2;3;2;0;0;0;0;3;0;1;3;0;0;0;0;0;0;1;0;0;;0;0;0;1;0;0;0;0;0;0;0;0;0;0;1;0;0;0;0;;;;;1;0;0;0;0;0;0;0;0;
17;Axe;18;0;-1;1;1;0;0;0;0;1;0;0;7;0;0;0;0;0;1;0;0;0;;0;0;0;1;0;0;0;0;0;0;0;0;0;0;0;0;0;0;0;;;;;1;0;0;0;0;0;0;0;0;
18;Battleaxe;19;1;0;3;1;0;0;0;0;3;0;1;9;0;0;0;0;0;1;0;0;0;;0;0;0;1;0;0;0;0;0;0;0;0;0;0;0;0;0;0;0;;;;;1;0;0;0;0;0;0;0;0;
19;Bite;20;1;0;3;1;0;0;0;0;0;1;0;15;0;0;1;0;0;1;0;0;0;;0;0;0;1;0;0;0;0;0;0;0;0;0;0;0;0;0;0;0;;;;;0;0;0;0;0;0;0;0;0;
20;Bite;21;0;-1;0;1;0;0;0;0;0;1;0;2;0;0;0;0;0;1;0;0;0;;0;0;0;1;0;0;0;0;0;0;0;0;0;0;0;0;0;0;0;;;;;0;0;0;0;0;0;0;0;0;
21;Javelin;22;-2;0;0;1;-1;2;0;0;1;0;0;2;0;0;0;0;1;0;0;0;0;;0;0;0;1;0;0;0;0;0;0;0;0;0;0;0;0;0;0;0;;;110;1;0;1;0;0;0;0;0;0;0;
22;Sling;23;-2;0;0;1;20;15;0;0;0;0;0;8;0;0;1;0;0;0;1;0;0;;0;0;0;1;0;0;0;0;0;0;0;0;0;0;0;0;0;0;0;;;111;1;0;0;0;0;0;0;0;0;0;
23;Short Bow;24;0;0;0;1;30;12;0;0;2;0;1;9;0;0;1;0;1;0;0;0;0;;0;0;0;1;0;0;0;0;0;0;0;0;0;0;0;0;0;0;0;;;109;1;0;1;0;0;0;0;0;0;0;
24;Long Bow;25;0;0;0;1;40;12;0;0;3;0;1;12;0;0;1;0;1;0;0;0;0;;0;0;0;1;0;0;0;0;0;0;0;0;0;0;0;0;0;0;0;;;109;1;0;1;0;0;0;0;0;0;0;
25;Crossbow;26;2;0;0;-2;35;12;0;0;3;0;1;11;1;0;1;0;1;0;0;0;0;;0;0;0;1;0;0;0;0;0;0;0;0;0;0;0;0;0;0;0;;;109;1;1;0;0;0;0;0;0;0;0;
26;Arbalest;27;2;0;0;-3;45;10;0;0;4;0;1;15;1;0;1;0;1;0;0;0;0;;0;0;0;1;0;0;0;0;0;0;0;0;0;0;0;0;0;0;0;;;109;1;1;0;0;0;0;0;0;0;0;
27;Boulder;28;0;0;0;1;-3;2;0;0;0;0;1;10;0;0;0;0;0;0;1;0;0;;0;0;0;1;0;0;0;0;0;0;0;0;0;0;0;0;0;0;0;;;100;1;0;0;0;0;0;0;0;0;0;
28;Long Spear;29;0;-1;5;1;0;0;0;0;2;0;0;3;0;0;0;0;1;0;0;0;0;;0;0;0;1;0;0;0;0;0;0;0;0;0;0;0;0;0;0;0;;;;;1;0;0;0;0;0;0;0;0;
29;Claw;30;0;0;0;1;0;0;0;0;0;0;0;0;0;0;0;0;0;1;0;0;0;;0;0;0;1;0;0;0;0;0;0;0;0;0;0;0;0;0;0;0;;;;;0;0;0;0;0;0;0;0;0;
30;Venomous Bite;31;0;-1;0;3;0;0;51;0;0;1;0;-2;0;0;0;0;1;0;0;0;0;;0;0;0;1;0;0;0;0;0;0;0;0;0;0;0;0;0;0;0;;;;;0;0;0;0;0;0;0;0;0;
31;Coral Spear;32;0;0;4;1;0;0;50;0;1;0;0;2;0;0;0;0;1;0;0;0;0;;0;0;0;1;0;0;0;0;0;0;0;0;0;0;0;0;0;0;0;;;;;0;0;0;0;0;0;0;0;0;
32;Coral Knife;33;0;0;0;1;0;0;50;0;0;0;0;1;0;0;0;0;1;0;0;0;0;;0;0;0;1;0;0;0;0;0;0;0;0;0;0;0;0;0;0;0;;;;;0;0;0;0;0;0;0;0;0;
33;Claws;34;0;0;0;2;0;0;0;0;0;0;0;0;0;0;0;0;0;1;0;0;0;;0;0;0;1;0;0;0;0;0;0;0;0;0;0;0;0;0;0;0;;;;;0;0;0;0;0;0;0;0;0;
34;Blow Pipe;35;2;0;0;1;8;15;54;0;1;0;0;0;0;0;0;0;1;0;0;0;0;;0;0;0;0;1;0;0;0;0;0;0;0;0;0;0;0;0;0;0;;;403;1;0;1;0;0;0;0;0;0;0;
35;Ice Knife;36;2;0;0;1;0;0;0;0;1;0;0;1;0;0;0;0;1;0;0;0;0;;0;0;1;1;0;0;0;0;0;0;0;0;0;0;0;0;0;0;0;;;;;0;0;0;0;0;0;0;0;0;
36;Ice Lance;37;1;0;4;1;0;0;0;0;2;0;0;3;0;0;0;0;1;0;0;0;0;;0;0;1;1;0;0;0;0;0;0;0;0;0;0;0;1;0;0;0;;;;;0;0;0;0;0;0;0;0;0;
37;Ice Blade;38;1;1;2;1;0;0;0;0;4;0;0;5;0;0;0;0;0;1;0;0;0;;0;0;1;1;0;0;0;0;0;0;0;0;0;0;0;0;0;0;0;;;;;0;0;0;0;0;0;0;0;0;
38;Snake Hair;39;-2;0;0;5;0;0;50;0;0;1;0;-4;0;0;0;0;1;0;0;0;0;;0;0;1;1;0;0;0;0;0;0;0;0;0;0;0;0;0;0;0;;;;;0;0;0;0;0;0;0;0;0;
39;Free;40;0;0;0;0;0;0;0;0;0;0;0;0;0;0;1;0;0;0;0;0;0;;0;0;1;1;0;0;0;0;0;0;0;0;0;0;0;0;0;0;0;;;;;0;0;0;0;0;0;0;0;0;
40;Whip;41;-1;0;5;1;0;0;0;0;1;0;0;-1;0;0;0;0;0;1;0;0;0;;0;0;0;0;1;0;0;0;0;0;0;0;0;0;0;0;0;0;0;;;;;0;0;0;0;0;0;0;0;0;
41;Bane Blade;42;2;3;3;1;0;0;64;0;8;0;1;9;0;0;0;0;0;1;0;0;0;;0;0;1;1;0;0;0;0;0;0;0;0;0;0;0;0;0;0;0;;;;;0;0;0;0;0;0;0;0;0;
42;Bane Blade;43;1;2;2;1;0;0;64;0;5;0;0;6;0;0;0;0;0;1;0;0;0;;0;0;1;1;0;0;0;0;0;0;0;0;0;0;0;0;0;0;0;;;;;0;0;0;0;0;0;0;0;0;
43;Poisoned Claw;44;0;0;0;1;0;0;54;0;0;0;0;0;0;0;0;0;0;1;0;0;0;;0;0;0;1;0;0;0;0;0;0;0;0;0;0;0;0;0;0;0;;;;;0;0;0;0;0;0;0;0;0;
44;Ice Mace;45;2;0;1;1;0;0;0;0;2;0;0;5;0;0;0;0;0;0;1;0;0;;0;0;1;1;0;0;0;0;0;0;0;0;0;0;0;0;0;0;0;;;;;0;0;0;0;0;0;0;0;0;
45;Coral Club;46;0;0;1;1;0;0;50;0;1;0;0;4;0;0;0;0;0;0;1;0;0;;0;0;0;1;0;0;0;0;0;0;0;0;0;0;0;0;0;0;0;;;;;0;0;0;0;0;0;0;0;0;
46;Coral Glaive;47;-1;1;4;1;0;0;50;0;4;0;1;9;0;0;0;0;1;1;0;0;0;;0;0;0;1;0;0;0;0;0;0;0;0;0;0;0;0;0;0;0;;;;;0;0;0;0;0;0;0;0;0;
47;Lobster Claw;48;-4;0;0;1;0;0;0;0;0;1;0;20;0;0;1;0;0;1;0;0;0;;0;0;0;1;0;0;0;0;0;0;0;0;0;0;0;0;0;0;0;;;;;0;0;0;0;0;0;0;0;0;
48;Fire Flare;49;0;0;3;1;0;0;0;0;0;1;0;20;1;0;1;1;0;0;0;1;0;;0;0;1;1;0;0;0;0;0;0;0;0;0;0;0;0;0;0;0;;;;;0;0;0;0;0;0;0;0;0;
49;Iron Prod;50;-2;-1;3;1;0;0;0;0;4;0;0;8;0;0;0;0;1;0;0;0;0;;0;0;0;1;0;0;0;0;0;0;0;0;0;0;0;0;0;0;0;;;;;1;0;0;0;0;0;0;0;0;
50;Weak Poison;51;0;0;0;1;0;0;0;0;0;0;0;5;0;1;1;0;0;0;0;0;0;;0;0;1;0;0;0;0;1;0;0;0;0;0;0;0;0;0;0;0;;;;;0;0;0;0;0;0;0;0;0;
51;Strong Poison;52;0;0;0;1;0;0;0;0;0;0;0;15;0;1;1;0;0;0;0;0;0;;0;0;1;0;0;0;0;1;0;0;0;0;0;0;0;0;0;0;0;;;;;0;0;0;0;0;0;0;0;0;
52;Death Poison;53;0;0;0;1;0;0;0;0;0;0;0;35;0;1;1;0;0;0;0;0;0;;0;0;1;0;0;0;0;1;0;0;0;0;0;0;0;0;0;0;0;;;;;0;0;0;0;0;0;0;0;0;
53;Debilitative Poison;54;0;0;0;1;0;0;0;0;0;0;0;20;0;1;1;0;0;0;0;0;0;;0;0;1;0;0;0;0;0;0;0;0;0;0;0;0;0;0;0;0;;;;;0;0;0;0;0;0;1;0;0;
54;Paralyzing Poison;55;0;0;0;1;0;0;0;0;0;0;0;50;0;1;1;0;0;0;0;0;0;;0;0;1;0;0;0;0;0;0;0;0;0;0;0;0;0;0;0;0;;;;;0;0;0;0;0;0;1;0;0;
55;Hoof;56;0;0;0;1;0;0;0;0;0;1;0;0;0;0;0;0;0;0;1;0;0;;0;0;0;1;0;0;0;0;0;0;0;0;0;0;0;0;0;0;0;;;;;0;0;0;0;0;0;0;0;0;
56;Hoof;57;0;0;0;1;0;0;0;0;0;1;0;13;0;0;1;0;0;0;1;0;0;;0;0;0;1;0;0;0;0;0;0;0;0;0;0;0;0;0;0;0;;;;;0;0;0;0;0;0;0;0;0;
57;Sickle;58;0;0;1;1;0;0;0;0;2;0;0;5;0;0;0;0;0;1;0;0;0;;0;0;0;1;0;0;0;0;0;0;0;0;0;0;0;0;0;0;0;;;;;1;0;0;0;0;0;0;0;0;
58;Wail;59;10;0;6;1;0;0;0;60;0;0;0;999;0;0;1;1;0;0;0;0;0;;0;0;1;1;0;0;0;0;0;0;0;0;0;0;0;0;0;1;0;;;;;0;0;0;0;0;0;1;0;0;
59;Rod of Death;60;2;0;1;1;0;0;0;0;0;0;0;10;0;1;1;0;0;0;1;0;0;;0;0;1;1;0;0;0;0;0;0;0;0;0;0;0;0;0;0;0;;;;;0;0;0;0;0;0;0;0;0;
60;Fear;61;0;0;0;1;0;0;0;0;0;0;0;2;0;0;1;5;0;0;0;0;0;;0;0;1;0;0;0;0;0;0;0;0;0;0;0;0;0;0;0;0;;;;;0;0;0;0;0;0;0;0;0;
61;Fire Breath;62;0;0;0;1;-2;5;0;0;0;0;0;0;1;0;0;1;0;0;0;1;0;;0;0;1;1;0;0;0;0;0;0;0;0;0;0;0;0;0;0;0;;;10073;0;0;0;0;0;0;0;0;0;0;
62;Bile;63;0;0;0;1;-2;5;0;0;0;0;0;20;0;1;1;3;0;0;0;0;0;;0;0;1;0;0;0;0;1;0;0;0;0;0;0;0;0;0;0;0;;;10079;0;0;0;0;0;0;0;0;0;0;
63;Life Drain;64;0;0;0;1;0;0;0;0;0;0;0;0;1;0;0;0;0;0;0;0;0;;0;0;1;0;0;0;0;0;0;0;0;0;0;0;0;0;0;0;0;;;;;0;0;0;1;0;0;0;0;0;
64;Decay;65;0;0;0;1;0;0;0;0;0;0;0;256;0;0;1;0;0;0;0;0;0;;0;0;1;0;0;0;0;0;0;0;0;0;0;0;0;0;0;0;0;;;;;0;0;0;0;0;0;1;0;0;
65;Venomous Fangs;66;0;-1;0;1;0;0;52;0;0;1;0;-2;0;0;0;0;1;0;0;0;0;;0;0;0;1;0;0;0;0;0;0;0;0;0;0;0;0;0;0;0;;;;;0;0;0;0;0;0;0;0;0;
66;Jotun Axe;67;0;-1;3;1;0;0;0;0;2;0;0;7;0;0;0;0;0;1;0;0;0;;0;0;0;1;0;0;0;0;0;0;0;0;0;0;0;0;0;0;0;;;;;1;0;0;0;0;0;0;0;0;
67;Phantasmal Weapon;68;0;0;0;1;0;0;0;0;0;0;0;0;0;0;0;0;0;0;0;0;0;;0;0;1;1;0;0;0;0;0;0;0;0;0;0;0;0;0;0;0;;;;;0;0;0;0;0;0;1;0;0;
68;Barbed Tail;69;-1;0;0;1;0;0;54;0;0;1;0;-2;0;0;0;0;1;0;0;0;0;;0;0;1;1;0;0;0;0;0;0;0;0;0;0;0;0;0;0;0;;;;;0;0;0;0;0;0;0;0;0;
69;Icicle Fist;70;0;0;0;1;0;0;222;0;0;0;0;2;0;0;0;0;1;0;0;0;0;;0;0;1;1;0;0;0;0;0;0;0;0;0;0;0;0;0;0;0;;;;;0;0;0;0;0;0;0;0;0;
70;Astral Claw;71;0;0;0;1;0;0;367;0;0;0;0;0;0;1;0;0;0;1;0;0;0;;0;0;1;1;0;0;0;0;0;0;0;0;0;0;0;0;0;0;0;;;;;0;0;0;0;0;0;0;0;0;
71;Sleep Vines;72;-1;0;4;3;0;0;0;0;0;1;0;33;0;0;1;0;0;0;0;0;0;;0;0;1;0;0;1;0;0;0;0;0;0;0;0;0;0;0;0;0;;;;;0;1;0;0;0;0;1;0;0;
72;Sun Slayer;73;5;6;3;1;0;0;0;73;0;0;1;13;0;0;0;0;0;1;0;0;0;;0;0;1;1;0;0;0;0;0;0;0;0;0;0;0;0;0;0;0;;;;;0;0;0;0;0;0;0;0;0;
73;Area Death;74;0;0;0;1;0;0;0;0;0;0;0;8;0;1;1;5;0;0;0;0;0;;0;0;1;1;0;0;0;0;0;0;0;0;0;0;0;0;0;0;0;;;;;0;0;0;0;0;0;0;0;0;
74;Sword of Sharpness;75;1;2;2;1;0;0;0;0;0;0;0;8;1;0;0;0;0;1;0;0;0;;0;0;1;1;0;0;0;0;0;0;0;0;0;0;0;0;0;0;0;;;;;0;0;0;0;0;0;0;0;0;
75;Enchanted Sword;76;2;3;2;1;0;0;0;0;0;0;0;9;0;0;0;0;0;1;0;0;0;;0;0;1;1;0;0;0;0;0;0;0;0;0;0;0;0;0;0;0;;;;;0;0;0;0;0;0;0;0;0;
76;Fire Sword;77;4;1;2;1;0;0;0;0;0;0;0;12;0;0;0;0;0;1;0;0;0;;0;0;1;1;0;0;0;0;0;0;0;0;0;0;0;0;0;0;0;;;;;0;0;0;0;0;0;0;0;0;
77;Ice Sword;78;1;3;2;1;0;0;0;0;0;0;0;10;0;0;0;0;0;1;0;0;0;;0;0;1;1;0;0;0;0;0;0;0;0;0;0;0;0;0;0;0;;;;;0;0;0;0;0;0;0;0;0;
78;Stinger;79;1;1;4;1;0;0;0;0;0;0;0;6;1;0;0;0;1;0;0;0;0;;0;0;1;1;0;0;0;0;0;0;0;0;0;0;0;0;0;0;0;;;;;0;0;0;0;0;0;0;0;0;
79;Thorn Spear;80;2;2;4;1;0;0;51;0;0;0;0;5;0;0;0;0;1;0;0;0;0;;0;0;1;1;0;0;0;0;0;0;0;0;0;0;0;0;0;0;0;;;;;0;0;0;0;0;0;0;0;0;
80;Fire Brand;81;4;1;2;1;0;0;0;171;0;0;0;12;1;0;0;0;0;1;0;0;0;;0;0;1;1;0;0;0;0;0;0;0;0;0;0;0;0;0;0;0;;;;;0;0;0;0;0;0;0;0;0;
81;Thorn Staff;82;3;5;4;1;0;0;51;0;0;0;1;5;0;0;0;0;0;0;1;0;0;;0;0;1;1;0;0;0;0;0;0;0;0;0;0;0;0;0;0;0;;;;;0;0;0;0;0;0;0;0;0;
82;Frost Brand;83;4;2;2;1;0;0;0;409;0;0;0;16;0;0;0;0;0;1;0;0;0;;0;0;1;1;0;0;0;0;0;0;0;0;0;0;0;0;0;0;0;;;;;0;0;0;0;0;0;0;0;0;
83;Wave Breaker;84;3;3;4;3;0;0;0;0;0;0;1;10;0;0;0;0;1;0;0;0;0;;0;0;1;1;0;0;0;0;0;0;0;0;0;0;0;0;0;0;0;;;;;0;0;0;0;0;0;0;0;0;
84;Unquenched Sword;85;4;1;2;1;0;0;0;171;0;0;0;22;1;0;0;0;0;1;0;0;0;;0;0;1;1;0;0;0;0;0;0;0;0;0;0;0;0;0;0;0;;;;;0;0;0;0;0;0;0;0;0;
85;Tentacle;86;0;0;0;1;0;0;0;0;0;1;0;-5;1;0;0;0;0;0;0;0;0;;0;0;0;1;0;0;0;0;0;0;0;0;0;0;0;0;0;0;0;;;;;0;0;0;0;0;0;0;0;0;
86;Mind Blast;87;100;0;0;1;100;10;293;0;0;1;0;12;0;1;1;0;0;0;0;0;0;;0;0;1;0;0;0;1;0;0;0;0;0;0;1;0;0;0;0;0;;;;;0;0;0;0;0;0;1;0;0;
87;Mage Bane;88;5;6;2;1;0;0;88;0;0;0;0;10;0;0;0;0;0;1;0;0;0;;0;0;1;1;0;0;0;0;0;0;0;0;0;0;0;0;0;0;0;;;;;0;0;0;0;0;0;0;0;0;
88;Unconsciousness;89;0;0;0;1;0;0;247;0;0;0;0;110;0;1;1;0;0;0;0;0;0;;0;0;1;0;0;1;0;0;0;0;0;0;0;0;0;0;0;0;0;;;;;0;0;0;0;0;0;0;0;0;
89;Snake Staff;90;3;5;4;1;0;0;50;0;0;0;1;5;0;0;0;0;1;0;1;0;0;;0;0;1;1;0;0;0;0;0;0;0;0;0;0;0;0;0;0;0;;;;;0;0;0;0;0;0;0;0;0;
90;Crush;91;0;0;0;1;0;0;0;0;0;0;0;0;1;0;0;0;0;0;1;0;0;;0;0;0;1;0;0;0;0;0;0;0;0;0;0;0;0;0;0;0;;;;;0;0;0;0;0;0;0;0;0;
91;Stun;92;0;0;0;1;0;0;0;0;0;0;0;0;1;0;0;0;0;0;0;0;0;;0;0;1;0;0;1;0;0;0;0;0;0;0;0;0;0;0;0;0;;;;;0;0;0;0;0;0;0;0;0;
92;Fist;93;-1;-1;0;1;0;0;0;0;0;0;0;-2;0;0;0;0;0;0;1;0;0;;0;0;0;1;0;0;0;0;0;0;0;0;0;0;0;0;0;0;0;;;;;0;0;0;0;0;0;0;0;0;
93;Cold Breath;94;0;0;0;1;-2;5;0;0;0;0;0;14;1;0;1;3;0;0;0;0;1;;0;0;1;1;0;0;0;0;0;0;0;0;0;0;0;0;0;0;0;;;10068;0;0;0;0;0;0;0;0;0;0;
94;Spear;95;0;0;4;1;0;0;0;0;1;1;0;16;0;0;1;0;1;0;0;0;0;;0;0;0;1;0;0;0;0;0;0;0;0;0;0;0;0;0;0;0;;;;;1;0;0;0;0;0;0;0;0;
95;Flambeau;96;4;2;3;1;0;0;0;221;0;0;1;13;1;0;0;0;0;1;0;0;0;;0;0;1;0;0;0;0;0;0;1;0;0;0;0;0;0;0;0;0;;;;;0;0;0;0;0;0;0;0;0;
96;Spear;97;0;0;4;1;0;0;0;0;1;1;0;13;0;0;1;0;1;0;0;0;0;;0;0;0;1;0;0;0;0;0;0;0;0;0;0;0;0;0;0;0;;;;;1;0;0;0;0;0;0;0;0;
97;Woundflame;98;4;5;1;1;0;0;98;0;0;0;0;8;0;0;0;0;1;1;0;0;0;;0;0;1;1;0;0;0;0;0;0;0;0;0;0;0;0;0;0;0;;;;;0;0;0;0;0;0;0;0;0;
98;Plague;99;0;0;0;1;0;0;0;0;0;0;0;8;0;0;1;0;0;0;0;0;0;;0;0;1;0;0;0;0;0;0;0;0;0;0;0;0;0;0;0;0;;;;;0;0;0;0;0;0;0;0;0;
99;Main Gauche of Parrying;100;0;4;0;1;0;0;0;0;0;0;0;3;0;0;0;0;1;0;0;0;0;;0;0;1;1;0;0;0;0;0;0;0;0;0;0;0;0;0;0;0;;;;;0;0;0;0;0;0;0;0;0;
100;Standard;101;-2;-3;5;1;0;0;0;0;3;0;1;1;0;0;0;0;0;0;1;0;0;;0;0;0;1;0;0;0;0;0;0;0;0;0;0;0;0;0;0;0;;;;;0;1;0;0;0;0;0;0;0;
101;Athame;102;2;0;0;1;0;0;0;0;0;0;0;4;0;0;0;0;1;0;0;0;0;;0;0;1;0;0;0;0;0;0;0;0;0;0;0;0;0;0;0;0;;;;;0;0;0;0;1;0;0;0;0;
102;Faithful;103;1;3;1;1;0;0;0;0;0;0;0;7;0;0;0;0;1;1;0;0;0;;0;0;1;1;0;0;0;0;0;0;0;0;0;0;0;0;0;0;0;;;;;0;0;0;0;0;0;0;0;0;
103;Stone Sword;104;4;7;3;1;0;0;0;104;0;0;1;10;0;0;0;0;0;1;0;0;0;;0;0;1;1;0;0;0;0;0;0;0;0;0;0;0;0;0;0;0;;;;;0;0;0;0;0;0;0;0;0;
104;Area Petrification;105;0;0;0;1;0;0;0;0;0;0;0;999;0;1;1;5;0;0;0;0;0;;0;0;1;0;0;0;0;0;0;0;0;0;0;0;0;0;0;0;0;;;;;0;0;0;0;0;0;1;0;0;
105;Staff of Storms;106;2;4;4;1;0;0;232;0;0;0;1;3;0;0;0;0;0;0;1;0;0;;0;0;1;1;0;0;0;0;0;0;0;0;0;0;0;0;0;0;0;;;;;0;0;0;0;0;0;0;0;0;
106;Sword of Swiftness;107;1;4;2;2;0;0;0;0;0;0;0;9;0;0;0;0;0;1;0;0;0;;0;0;1;1;0;0;0;0;0;0;0;0;0;0;0;0;0;0;0;;;;;0;0;0;0;0;0;0;0;0;
107;Halberd of Might;108;0;0;4;1;0;0;0;0;0;0;1;16;0;0;0;0;1;1;0;0;0;;0;0;1;1;0;0;0;0;0;0;0;0;0;0;0;0;0;0;0;;;;;0;0;0;0;0;0;0;0;0;
108;Sword of Sharpness;109;2;3;3;1;0;0;0;0;0;0;1;12;1;0;0;0;0;1;0;0;0;;0;0;1;1;0;0;0;0;0;0;0;0;0;0;0;0;0;0;0;;;;;0;0;0;0;0;0;0;0;0;
109;Herald Lance;110;1;1;4;1;0;0;0;0;0;0;0;6;0;0;0;0;1;0;0;0;0;;0;0;1;0;0;0;0;0;0;1;0;0;0;0;0;0;0;0;0;;;;;0;0;0;0;0;0;0;0;0;
110;Wraith Sword;111;2;3;3;1;0;0;0;0;0;0;1;9;0;0;0;0;0;1;0;0;0;;0;0;1;0;0;0;0;0;0;0;0;0;0;0;0;0;0;0;0;;;;;0;0;0;0;1;0;0;0;0;
111;Heart Finder Sword;112;3;0;2;1;0;0;112;0;0;0;0;8;0;0;0;0;0;1;0;0;0;;0;0;1;1;0;0;0;0;0;0;0;0;0;0;0;0;0;0;0;;;;;0;0;0;0;0;0;0;0;0;
112;Heart Finding;113;0;0;0;1;0;0;0;0;0;0;0;999;0;1;1;0;0;0;0;0;0;;0;0;1;1;0;0;0;0;0;0;0;0;0;0;0;0;0;0;0;;;;;0;0;0;0;0;0;1;0;0;
113;Tempest;114;5;6;3;1;0;0;0;114;0;0;1;15;0;0;0;0;0;1;0;0;0;;0;0;1;1;0;0;0;0;0;0;0;0;0;0;0;0;0;0;0;;;;;0;0;0;0;0;0;0;0;0;
114;Small Area Shock;115;0;0;0;1;0;0;0;0;0;0;0;8;0;1;1;1;0;0;0;0;0;;1;0;1;1;0;0;0;0;0;0;0;0;0;0;0;0;0;0;0;;;;;0;0;0;0;0;0;0;0;0;
115;Dwarven Hammer;116;0;-1;1;1;0;0;0;0;0;0;0;8;0;0;0;0;0;0;1;0;0;;0;0;1;1;0;0;0;0;0;0;0;0;0;0;0;0;0;0;0;;;;;0;0;0;0;0;0;0;0;0;
116;Strangulation;117;0;-1;0;1;0;0;91;0;0;0;0;-2;1;0;0;0;0;0;1;0;0;;0;0;0;1;0;0;0;0;0;0;0;0;0;0;0;0;0;0;0;;;;;0;0;0;0;0;0;0;0;0;
117;Knife of the Damned;118;2;1;0;1;0;0;118;0;0;0;0;4;0;0;0;0;1;0;0;0;0;;0;0;1;1;0;0;0;0;0;0;0;0;0;0;0;0;0;0;0;;;;;0;0;0;0;0;0;0;0;0;
118;Curse;119;0;0;0;1;0;0;0;0;0;0;0;2;0;0;1;0;0;0;0;0;0;;0;0;1;0;0;0;0;0;0;0;0;0;0;0;0;0;0;0;0;;;;;0;0;0;0;0;0;0;0;0;
119;Hammer of the Cyclops;120;0;-1;3;1;0;0;0;0;0;0;1;37;0;0;1;0;0;0;1;0;0;;0;0;1;1;0;0;0;0;0;0;0;0;0;0;0;0;0;0;0;;;;;0;0;0;0;0;0;0;0;0;
120;Enchanted Spear;121;2;2;4;1;0;0;0;0;0;0;0;7;0;0;0;0;1;0;0;0;0;;0;0;1;1;0;0;0;0;0;0;0;0;0;0;0;0;0;0;0;;;;;0;0;0;0;0;0;0;0;0;
121;Dancing Trident;122;0;1;6;1;0;0;0;0;0;1;0;19;0;0;1;0;1;0;0;0;0;;0;0;1;1;0;0;0;0;0;0;0;0;0;0;0;0;0;0;0;;;;;0;0;0;0;0;0;0;0;0;
122;Harvest Blade;123;10;-5;0;1;0;0;0;125;0;0;1;16;0;0;0;1;0;1;0;0;0;;0;0;1;1;0;0;0;0;0;0;0;0;0;0;0;0;0;0;0;;;;;0;0;0;0;0;0;0;0;0;
123;Javelin of Flight;124;0;0;0;1;25;30;0;0;0;0;0;5;0;0;0;0;1;0;0;0;0;;0;0;1;1;0;0;0;0;0;0;0;0;0;0;0;0;0;0;0;;;110;1;0;0;0;0;0;0;0;0;0;
124;Ice Rod;125;2;4;4;1;0;0;0;0;0;0;1;3;0;0;0;0;0;0;1;0;0;;0;0;1;1;0;0;0;0;0;0;0;0;0;0;0;0;0;0;0;;;;;0;0;0;0;0;0;0;0;0;
125;Leg Chop;126;0;0;0;1;0;0;0;0;0;0;0;16777216;0;0;1;1;0;0;0;0;0;;0;0;1;0;0;0;0;0;0;0;0;0;0;0;0;0;0;0;0;;;;;0;0;0;0;0;0;0;0;0;
126;Poison Dagger;127;1;0;0;1;0;0;51;0;0;0;0;2;0;0;0;0;1;0;0;0;0;;0;0;0;1;0;0;0;0;0;0;0;0;0;0;0;0;0;0;0;;;;;1;0;0;0;0;0;0;0;0;
127;Venomous Bite;128;0;-1;0;1;0;0;50;0;0;1;0;-2;0;0;0;0;1;0;0;0;0;;0;0;1;1;0;0;0;0;0;0;0;0;0;0;0;0;0;0;0;;;;;0;0;0;0;0;0;0;0;0;
128;Gloves of the Gladiator;129;1;1;0;4;0;0;0;0;0;0;1;3;0;0;0;0;0;0;1;0;0;;0;0;1;1;0;0;0;0;0;0;0;0;0;0;0;0;0;0;0;;;;;0;0;0;0;0;0;0;0;0;
129;Duskdagger;130;2;0;0;1;0;0;0;0;0;0;0;2;0;1;0;0;1;0;0;0;0;;0;0;1;1;0;0;0;0;0;0;0;0;0;0;0;0;0;0;0;;;;;0;0;0;0;0;0;0;0;0;
130;Hammer of the Mountains;131;-2;-4;4;1;0;0;0;0;0;0;1;25;0;0;0;0;0;0;1;0;0;;0;0;1;1;0;0;0;0;0;0;0;0;0;0;0;0;0;0;0;;;;;0;0;0;0;0;0;0;0;0;
131;Frost Blast;132;0;0;0;1;30;6;0;0;0;0;0;10;1;0;1;1;0;0;0;0;1;;0;0;1;1;0;0;0;0;0;0;0;0;0;0;0;0;0;0;0;;;10094;5;0;0;0;0;0;0;0;0;0;
132;Shortsword;133;3;4;2;1;0;0;0;0;0;0;1;12;0;0;0;0;0;1;0;0;0;;0;0;1;0;0;0;0;0;0;0;0;0;1;0;0;0;0;0;0;;;;;0;0;0;0;0;0;0;0;0;
133;Midget Masher;134;2;1;3;1;0;0;0;0;0;0;1;13;0;0;0;0;0;0;1;0;0;;0;0;1;0;0;0;0;0;0;0;0;1;0;0;0;0;0;0;0;;;;;0;0;0;0;0;0;0;0;0;
134;Sceptre of Authority;135;1;0;1;1;0;0;0;0;0;0;0;4;1;0;0;0;0;0;1;1;0;;0;0;1;1;0;0;0;0;0;0;0;0;0;0;0;0;0;0;0;;;;;0;0;0;0;0;0;0;0;0;
135;Champion's Trident;136;3;6;4;2;0;0;0;0;0;0;1;12;0;0;0;0;1;0;0;0;0;;0;0;1;1;0;0;0;0;0;0;0;0;0;0;0;0;0;0;0;;;;;0;0;0;0;0;0;0;0;0;
136;Vine Whip;137;3;0;5;1;0;0;0;137;0;0;0;0;0;0;0;0;0;1;0;0;0;;0;0;1;0;1;0;0;0;0;0;0;0;0;0;0;0;0;0;0;;;;;0;0;0;0;0;0;0;0;0;
137;Entanglement;138;0;0;0;1;0;0;0;0;0;0;0;64;0;0;1;0;0;0;0;0;0;;0;0;1;0;0;0;0;0;0;0;0;0;0;0;0;0;0;0;0;;;;;0;0;0;0;0;0;0;0;0;
138;Rat Tail;139;5;0;5;2;0;0;0;139;0;0;0;9;0;0;1;0;0;1;0;0;0;;0;0;1;1;0;0;0;0;0;0;0;0;0;0;0;0;0;0;0;;;;;0;0;0;0;0;0;0;0;0;
139;Greater Fear;140;0;0;0;1;0;0;0;0;0;0;0;10;0;1;1;0;0;0;0;0;0;;0;0;1;0;0;0;0;0;0;0;0;0;0;0;0;0;0;0;0;;;;;0;0;0;0;0;0;0;0;0;
140;Whip of Command;141;3;0;5;1;0;0;0;0;0;0;0;1;0;0;0;0;0;1;0;0;0;;0;0;1;0;1;0;0;0;0;0;0;0;0;0;0;0;0;0;0;;;;;0;0;0;0;0;0;0;0;0;
141;Poison Spit;142;0;0;0;1;10;5;0;0;0;1;0;0;1;0;0;0;0;0;0;0;0;;0;0;0;0;0;0;0;1;0;0;0;0;0;0;0;0;0;0;0;;;214;4;0;0;0;0;0;0;0;0;0;
142;Touch of Leprosy;143;0;0;0;1;0;0;143;0;0;0;0;0;0;0;0;0;0;0;0;0;0;;0;0;0;1;0;0;0;0;0;0;0;0;0;0;0;0;0;0;0;;;;;0;0;0;0;0;0;0;0;0;
143;Disease;144;0;0;0;1;0;0;0;0;0;0;0;1;0;0;1;0;0;0;0;0;0;;0;0;1;0;0;0;0;0;0;0;0;0;0;0;0;0;0;0;0;;;;;0;0;0;0;0;0;0;0;0;
144;Stinger;145;5;0;3;1;0;0;52;0;0;1;0;0;0;0;0;0;1;0;0;0;0;;0;0;0;1;0;0;0;0;0;0;0;0;0;0;0;0;0;0;0;;;;;0;0;0;0;0;0;0;0;0;
145;Heavenly Horn;146;0;0;0;1;23;15;0;0;0;0;0;5;1;0;1;5;0;0;0;0;0;;0;0;1;0;0;0;0;0;0;1;0;0;0;0;0;0;0;0;0;;;;;0;0;0;0;0;0;0;0;0;
146;Venomous Claw;147;0;0;0;1;0;0;52;0;0;0;0;0;0;0;0;0;0;1;0;0;0;;0;0;0;1;0;0;0;0;0;0;0;0;0;0;0;0;0;0;0;;;;;0;0;0;0;0;0;0;0;0;
147;Spray Poison;148;0;0;0;1;-1;5;0;0;0;1;0;15;0;1;1;1;0;0;0;0;0;;0;0;1;0;0;0;0;1;0;0;0;0;0;0;0;0;0;0;0;;;10096;5;0;0;0;0;0;0;0;0;0;
148;Spider Claw;149;0;0;3;1;0;0;0;0;0;0;0;0;0;0;0;0;0;1;0;0;0;;0;0;0;1;0;0;0;0;0;0;0;0;0;0;0;0;0;0;0;;;;;0;0;0;0;0;0;0;0;0;
149;Flesh Eater;150;4;-1;2;1;0;0;150;0;0;0;0;14;0;0;0;0;0;1;0;0;0;;0;0;1;1;0;0;0;0;0;0;0;0;0;0;0;0;0;0;0;;;;;0;0;0;0;0;0;0;0;0;
150;Chest Wound;151;0;0;0;1;0;0;0;0;0;0;0;8388608;0;0;1;0;0;0;0;0;0;;0;0;1;0;0;0;0;0;0;0;0;0;0;0;0;0;0;0;0;;;;;0;0;0;0;0;0;0;0;0;
151;Wand;152;-2;0;0;1;0;0;0;0;0;0;0;-2;0;0;0;0;0;0;1;0;0;;0;0;1;1;0;0;0;0;0;0;0;0;0;0;0;0;0;0;0;;;;;0;0;0;0;0;0;0;0;0;
152;Longbow of Accuracy;153;30;0;0;1;45;12;0;0;0;0;1;15;0;0;1;0;1;0;0;0;0;;0;0;1;1;0;0;0;0;0;0;0;0;0;0;0;0;0;0;0;;;109;1;0;0;0;0;0;0;0;0;0;
153;Stick;154;0;1;1;1;0;0;0;0;0;0;1;2;0;0;0;0;0;0;1;0;0;;0;0;0;1;0;0;0;0;0;0;0;0;0;0;0;0;0;0;0;;;;;0;1;0;0;0;0;0;0;0;
154;Bow of War;155;0;0;0;13;35;7;0;0;0;0;1;11;0;0;1;0;1;0;0;0;0;;0;0;0;1;0;0;0;0;0;0;0;0;0;0;0;0;0;0;0;;;109;1;0;0;0;0;0;0;0;0;0;
155;Black Bow;156;5;0;0;1;40;12;156;0;0;0;1;15;0;0;1;0;1;0;0;0;0;;0;0;1;1;0;0;0;0;0;0;0;0;0;0;0;0;0;0;0;;;109;0;0;0;0;0;0;0;0;0;0;
156;Feeblemind;157;0;0;0;1;0;0;0;0;0;0;0;33554432;0;0;1;0;0;0;0;0;0;;0;0;1;0;0;0;0;0;0;0;0;0;0;1;0;0;0;0;0;;;;;0;0;0;0;0;0;0;0;0;
157;Oath Rod;158;3;5;4;1;0;0;156;0;0;0;1;5;0;0;0;0;0;0;1;0;0;;0;0;1;1;0;0;0;0;0;0;0;0;0;0;0;0;0;0;0;;;;;0;0;0;0;0;0;0;0;0;
158;Flailing Hands;159;4;-1;3;2;0;0;0;159;0;0;1;10;0;0;0;0;0;0;1;0;0;;0;0;1;1;0;0;0;0;0;0;0;0;0;0;1;0;0;0;0;;;;;0;0;0;0;0;0;0;0;0;
159;Fear and Cold;160;0;0;0;1;0;0;160;0;0;0;0;10;0;1;1;0;0;0;0;0;0;;0;0;1;0;0;0;0;0;0;0;0;0;0;0;0;0;0;0;0;;;;;0;0;0;0;0;0;0;0;0;
160;Cold;161;0;0;0;1;0;0;0;0;0;1;0;20;1;0;1;0;0;0;0;0;1;;0;0;1;0;0;1;0;0;0;0;0;0;0;0;0;0;0;0;0;;;;;0;0;0;0;0;0;0;0;0;
161;Just Man's Cross;162;4;0;0;-2;35;12;0;0;0;0;1;15;1;0;1;0;1;0;0;0;0;;0;0;1;0;0;0;0;0;0;1;0;0;0;0;0;0;0;0;0;;;109;1;0;0;0;0;0;0;0;0;0;
162;The Summit;163;12;6;1;1;0;0;0;0;0;0;0;28;0;0;0;0;0;0;0;0;0;;0;0;1;1;0;0;0;0;0;0;0;0;0;0;0;0;0;0;0;;;;;0;0;0;0;0;0;0;0;0;
163;Thistle Mace;164;-1;-1;1;1;0;0;51;0;0;0;0;3;0;0;0;0;0;0;1;0;0;;0;0;1;1;0;0;0;0;0;0;0;0;0;0;0;0;0;0;0;;;;;0;0;0;0;0;0;0;0;0;
164;unused;165;0;0;0;0;0;0;0;0;0;0;0;0;0;0;1;0;0;0;0;0;0;;0;0;1;1;0;0;0;0;0;0;0;0;0;0;0;0;0;0;0;;;;;0;0;0;0;0;0;0;0;0;
165;Great Club;166;0;1;3;1;0;0;0;0;0;0;1;7;0;0;0;0;0;0;1;0;0;;0;0;0;1;0;0;0;0;0;0;0;0;0;0;0;0;0;0;0;;;;;0;1;0;0;0;0;0;0;0;
166;Golden Claw;167;0;0;0;1;0;0;0;0;0;0;0;2;0;0;0;0;0;1;0;0;0;;0;0;1;1;0;0;0;0;0;0;0;0;0;0;0;0;0;0;0;;;;;0;0;0;0;0;0;0;0;0;
167;Poison Sling;168;-4;0;0;1;15;6;0;0;5;0;0;5;0;1;1;1;0;0;0;0;0;;0;0;0;0;0;0;0;1;0;0;0;0;0;0;0;0;0;0;0;;;111;0;0;0;0;0;0;0;0;0;0;
168;Piercer;169;10;0;0;-2;35;12;0;0;0;0;1;12;0;1;1;0;1;0;0;0;0;;0;0;1;1;0;0;0;0;0;0;0;0;0;0;0;0;0;0;0;;;109;0;0;0;0;0;0;0;0;0;0;
169;Gate Cleaver;170;-1;-1;3;1;0;0;0;0;0;0;1;29;0;1;0;0;0;1;0;0;0;;0;0;1;1;0;0;0;0;0;0;0;0;0;0;0;0;0;0;0;;;;;0;0;0;0;0;0;0;0;0;
170;Sword of Justice;171;3;4;3;1;0;0;0;171;0;0;1;15;0;0;0;0;0;1;0;0;0;;0;0;1;1;0;0;0;0;0;0;0;0;0;0;0;0;0;0;0;;;;;0;0;0;0;0;0;0;0;0;
171;Small Area Fire;172;0;0;0;1;0;0;0;0;0;0;0;14;1;0;1;1;0;0;0;1;0;;0;0;1;1;0;0;0;0;0;0;0;0;0;0;0;0;0;0;0;;;;;0;0;0;0;0;0;0;0;0;
172;Magic Sceptre;173;1;0;1;1;0;0;0;0;0;0;0;0;0;0;0;0;0;0;1;0;0;;0;0;1;1;0;0;0;0;0;0;0;0;0;0;0;0;0;0;0;;;;;0;0;0;0;0;0;0;0;0;
173;Star of Heroes;174;4;-2;2;1;0;0;174;0;0;0;0;12;0;0;0;0;0;0;1;0;0;;0;0;1;1;0;0;0;0;0;0;0;0;0;0;1;0;0;0;0;;;;;0;0;0;0;0;0;0;0;0;
174;Break Armor;175;0;0;0;1;0;0;0;0;0;0;0;10;0;1;1;0;0;0;0;0;0;;0;0;1;0;0;0;0;0;0;0;0;0;0;0;0;0;0;0;0;;;;;0;0;0;0;0;0;0;0;0;
175;Chi Kick;176;0;0;0;1;0;0;0;0;0;1;0;0;0;0;0;0;0;0;1;0;0;;0;0;1;1;0;0;0;0;0;0;0;0;0;0;0;0;0;0;0;;;;;0;0;0;0;0;0;0;0;0;
176;Stone Bird;177;0;2;6;4;0;0;0;0;0;1;0;9;0;0;1;0;0;0;1;0;0;;0;0;1;1;0;0;0;0;0;0;0;0;0;0;0;0;0;0;0;;;;;0;0;0;0;0;0;0;0;0;
177;Astral Serpent;178;3;0;3;1;0;0;52;0;0;1;0;3;0;1;1;0;1;0;0;0;0;;0;0;1;1;0;0;0;0;0;0;0;0;0;0;0;0;0;0;0;;;;;0;0;0;0;0;0;0;0;0;
178;Summer Sword;179;0;1;2;1;0;0;0;0;0;0;0;9;0;0;0;0;0;1;0;0;0;;0;0;1;1;0;0;0;0;0;0;0;0;0;0;0;0;0;0;0;;;;;0;0;0;0;0;0;0;0;0;
179;Sword of Aurgelmer;180;2;2;2;1;0;0;118;0;0;0;0;13;0;0;0;0;0;1;0;0;0;;0;0;1;1;0;0;0;0;0;0;0;0;0;0;0;0;0;0;0;;;;;0;0;0;0;0;0;0;0;0;
180;Ethereal Crossbow;181;5;0;0;-2;35;12;0;0;0;0;1;999;0;1;1;0;1;0;0;0;0;;0;0;1;1;0;0;0;0;0;0;0;0;0;0;0;0;0;0;0;;;109;0;0;0;0;0;0;0;1;0;0;
181;Implementor Axe;182;2;0;3;1;0;0;0;0;0;0;1;10;0;0;0;0;0;1;0;0;0;;0;0;1;1;0;0;0;0;0;0;0;0;0;0;0;0;0;0;0;;;;;0;0;0;0;0;0;0;0;0;
182;Trunk;183;0;0;0;1;0;0;0;0;0;1;0;-3;0;0;0;0;0;0;1;0;0;;0;0;0;1;0;0;0;0;0;0;0;0;0;0;0;0;0;0;0;;;;;0;0;0;0;0;0;0;0;0;
183;Snake Bladder Stick;184;0;1;3;1;0;0;0;0;0;0;0;5;0;1;1;4;0;0;0;0;0;;0;0;1;0;0;0;0;1;0;0;0;0;0;0;0;0;0;0;0;;;;;0;0;0;0;0;0;0;0;0;
184;Hammer of the Forge Lord;185;1;0;3;1;0;0;0;171;0;0;1;20;0;0;0;0;0;0;1;0;0;;0;0;1;1;0;0;0;0;0;0;0;0;0;0;0;0;0;0;0;;;;;0;0;0;0;0;0;0;0;0;
185;Lightning Swarm;186;0;0;3;1;0;0;0;0;0;1;0;6;0;1;1;0;0;0;0;0;0;;1;0;1;1;0;0;0;0;0;0;0;0;0;0;0;0;0;0;0;;;;;0;0;0;0;0;0;0;0;0;
186;The Admiral's Sword;187;5;2;2;1;0;0;118;0;0;0;0;12;1;0;0;0;0;1;0;0;0;;0;0;1;1;0;0;0;0;0;0;0;0;0;0;0;0;0;0;0;;;;;0;0;0;0;0;0;0;0;0;
187;Pain Sickle;188;4;4;1;1;0;0;64;0;0;0;0;5;1;0;0;0;0;1;0;0;0;;0;0;1;1;0;0;0;0;0;0;0;0;0;0;0;0;0;0;0;;;;;0;0;0;0;0;0;0;0;0;
188;Tartarian Chains;189;3;-2;3;2;0;0;0;189;0;0;0;5;0;0;0;0;0;0;1;0;0;;0;0;1;1;0;0;0;0;0;0;0;0;0;0;1;0;0;0;0;;;;;0;0;0;0;0;0;0;0;0;
189;Enslavement;190;0;0;0;1;0;0;0;0;0;0;0;999;0;1;1;0;0;0;0;0;0;;0;0;1;0;0;0;0;0;0;0;0;0;0;0;0;0;0;0;0;;;;;0;0;0;0;0;0;1;0;0;
190;Phantasmal Claw;191;0;0;0;1;0;0;0;0;0;0;0;0;0;0;0;0;0;1;0;0;0;;0;0;1;1;0;0;0;0;0;0;0;0;0;0;0;0;0;0;0;;;;;0;0;0;0;0;0;1;0;0;
191;Ember;192;5;3;2;1;0;0;0;192;0;0;0;15;0;0;0;0;0;1;0;0;0;;0;0;1;1;0;0;0;0;0;0;0;0;0;0;0;0;0;0;0;;;;;0;0;0;0;0;0;0;0;0;
192;Small Area Frost and Fire;193;0;0;0;1;0;0;0;171;0;0;0;15;1;0;1;1;0;0;0;0;1;;0;0;1;1;0;0;0;0;0;0;0;0;0;0;0;0;0;0;0;;;;;0;0;0;0;0;0;0;0;0;
193;Trident from Beyond;194;1;1;4;1;0;0;194;0;0;0;0;13;0;0;0;0;1;0;0;0;0;;0;0;1;1;0;0;0;0;0;0;0;0;0;0;0;0;0;0;0;;;;;0;0;0;0;0;0;0;0;0;
194;Soul Slay;195;0;0;0;1;0;0;0;0;0;0;0;999;0;1;1;0;0;0;0;0;0;;0;0;1;1;0;0;0;0;0;0;0;0;0;1;0;0;0;0;0;;;;;0;0;0;0;0;0;1;0;0;
195;Sword of Many Colors;196;3;5;3;1;0;0;0;196;0;0;1;17;0;0;0;0;0;1;0;0;0;;0;0;1;1;0;0;0;0;0;0;0;0;0;0;0;0;0;0;0;;;;;0;0;0;0;0;0;0;0;0;
196;Killing Light;197;0;0;0;1;0;0;0;0;0;0;0;10;0;1;1;5;0;0;0;0;0;;0;0;1;1;0;0;0;0;0;0;0;0;0;0;0;0;0;0;0;;;;;0;0;0;0;0;0;1;0;0;
197;Gaze of Death;198;100;0;0;1;20;10;0;0;0;1;0;15;0;1;1;5;0;0;0;0;0;;0;0;1;1;0;0;0;0;0;0;0;0;0;1;0;0;0;0;0;;;;;0;0;0;0;0;0;1;0;0;
198;Flame Burst;199;0;0;1;1;0;0;0;0;0;0;0;10;1;0;1;0;0;0;0;1;0;;0;0;1;1;0;0;0;0;0;0;0;0;0;0;0;0;0;0;0;;;;;0;0;0;0;0;0;0;0;0;
199;Banefire Bow;200;0;0;0;1;30;12;64;0;0;0;1;9;0;0;1;0;1;0;0;0;0;;0;0;1;1;0;0;0;0;0;0;0;0;0;0;0;0;0;0;0;;;274;4;0;0;0;0;0;0;0;0;0;
200;Bane Burst;201;0;0;1;1;0;0;0;0;0;0;0;256;0;0;1;0;0;0;0;0;0;;0;0;1;0;0;0;0;0;0;0;0;0;0;0;0;0;0;0;0;;;;;0;0;0;0;0;0;1;0;0;
201;Magic Spear;202;2;0;5;1;0;0;0;0;0;0;0;5;0;0;0;0;1;0;0;0;0;;0;0;1;1;0;0;0;0;0;0;0;0;0;0;0;0;0;0;0;;;;;0;0;0;0;0;0;0;0;0;
202;Magic Sword;203;2;2;2;1;0;0;0;0;0;0;0;7;0;0;0;0;0;1;0;0;0;;0;0;1;1;0;0;0;0;0;0;0;0;0;0;0;0;0;0;0;;;;;0;0;0;0;0;0;0;0;0;
203;Barbed Tail;204;0;0;0;1;0;0;54;0;0;1;0;-2;0;0;0;0;1;0;0;0;0;;0;0;1;1;0;0;0;0;0;0;0;0;0;0;0;0;0;0;0;;;;;0;0;0;0;0;0;0;0;0;
204;Shark Bite;205;1;-1;5;1;0;0;0;0;0;1;0;22;0;0;1;0;0;1;0;0;0;;0;0;0;1;0;0;0;0;0;0;0;0;0;0;0;0;0;0;0;;;;;0;0;0;0;0;0;0;0;0;
205;Sword of Injustice;206;3;2;2;1;0;0;64;0;0;0;0;6;0;0;0;0;0;1;0;0;0;;0;0;1;1;0;0;0;0;0;0;0;0;0;0;0;0;0;0;0;;;;;0;0;0;0;0;0;0;0;0;
206;Ballista;207;-2;0;0;-3;70;10;0;0;0;0;1;25;1;0;1;0;1;0;0;0;0;;0;0;0;1;0;0;0;0;0;0;0;0;0;0;0;0;0;0;0;;;308;1;0;0;0;0;0;0;0;0;0;
207;Venomous Claw;208;0;0;0;1;0;0;50;0;0;0;0;0;0;0;0;0;0;1;0;0;0;;0;0;1;1;0;0;0;0;0;0;0;0;0;0;0;0;0;0;0;;;;;0;0;0;0;0;0;0;0;0;
208;Thunder Whip;209;0;0;5;1;0;0;0;0;0;0;0;10;0;1;1;0;0;0;0;0;0;;1;0;1;1;0;0;0;0;0;0;0;0;0;0;0;0;0;0;0;;;;;0;0;0;0;0;0;0;0;0;
209;Fire Javelin;210;-2;0;0;1;-1;2;0;216;0;0;0;2;0;0;0;0;1;0;0;0;0;;0;0;1;1;0;0;0;0;0;0;0;0;0;0;0;0;0;0;0;;;354;4;0;0;0;0;0;0;0;0;0;
210;Fire Sling;211;-3;0;0;1;20;15;0;216;0;0;0;8;0;0;1;0;1;0;0;0;0;;0;0;1;1;0;0;0;0;0;0;0;0;0;0;0;0;0;0;0;;;358;4;0;0;0;0;0;0;0;0;0;
211;Fire Short Bow;212;0;0;0;1;30;12;0;216;0;0;1;9;0;0;1;0;1;0;0;0;0;;0;0;1;1;0;0;0;0;0;0;0;0;0;0;0;0;0;0;0;;;350;4;0;0;0;0;0;0;0;0;0;
212;Fire Long Bow;213;0;0;0;1;40;12;0;216;0;0;1;12;0;0;1;0;1;0;0;0;0;;0;0;1;1;0;0;0;0;0;0;0;0;0;0;0;0;0;0;0;;;350;4;0;0;0;0;0;0;0;0;0;
213;Fire Crossbow;214;2;0;0;-2;35;12;0;216;0;0;1;11;1;0;1;0;1;0;0;0;0;;0;0;1;1;0;0;0;0;0;0;0;0;0;0;0;0;0;0;0;;;350;4;0;0;0;0;0;0;0;0;0;
214;Fire Arbalest;215;2;0;0;-3;45;10;0;216;0;0;1;15;1;0;1;0;1;0;0;0;0;;0;0;1;1;0;0;0;0;0;0;0;0;0;0;0;0;0;0;0;;;350;4;0;0;0;0;0;0;0;0;0;
215;Fire Boulder;216;0;0;0;1;-3;2;0;171;0;0;1;20;0;0;0;0;0;0;1;0;0;;0;0;1;1;0;0;0;0;0;0;0;0;0;0;0;0;0;0;0;;;362;4;0;0;0;0;0;0;0;0;0;
216;Fire;217;0;0;0;1;0;0;0;0;0;0;0;8;1;0;1;0;0;0;0;1;0;;0;0;1;1;0;0;0;0;0;0;0;0;0;0;0;0;0;0;0;;;;;0;0;0;0;0;0;0;0;0;
217;Fire Bow of War;218;0;0;0;13;35;7;0;216;0;0;1;10;0;0;1;0;1;0;0;0;0;;0;0;1;1;0;0;0;0;0;0;0;0;0;0;0;0;0;0;0;;;350;4;0;0;0;0;0;0;0;0;0;
218;Star of Thraldom;219;6;-2;2;1;0;0;0;219;0;0;0;10;0;0;0;0;0;0;1;0;0;;0;0;1;1;0;0;0;0;0;0;0;0;0;0;1;0;0;0;0;;;;;0;0;0;0;0;0;0;0;0;
219;False Fetters;220;0;0;0;1;0;0;0;0;0;0;0;131072;0;0;1;1;0;0;0;0;0;;0;0;1;0;0;0;0;0;0;0;0;0;0;0;0;0;0;0;0;;;;;0;0;0;0;0;0;1;0;0;
220;Enchanted Pike;221;3;1;6;1;0;0;0;0;0;0;1;9;0;0;0;0;1;0;0;0;0;;0;0;1;1;0;0;0;0;0;0;0;0;0;0;0;0;0;0;0;;;;;0;0;0;0;0;0;0;0;0;
221;Fire;222;0;0;0;1;0;0;0;0;0;0;0;12;1;0;1;0;0;0;0;1;0;;0;0;1;1;0;0;0;0;0;0;0;0;0;0;0;0;0;1;0;;;;;0;0;0;0;0;0;0;0;0;
222;Cold;223;0;0;0;1;0;0;0;0;0;0;0;12;1;0;1;0;0;0;0;0;1;;0;0;1;0;0;1;0;0;0;0;0;0;0;0;0;0;0;1;0;;;;;0;0;0;0;0;0;0;0;0;
223;Venomous Bite;224;0;-1;0;1;0;0;50;0;0;1;0;2;0;0;0;0;0;1;0;0;0;;0;0;0;1;0;0;0;0;0;0;0;0;0;0;0;0;0;0;0;;;;;0;0;0;0;0;0;0;0;0;
224;Poison Spit;225;0;0;0;1;-1;5;0;0;0;0;0;10;0;1;1;0;0;0;0;0;0;;0;0;1;0;0;0;0;1;0;0;0;0;0;0;0;0;0;0;0;;;214;4;0;0;0;0;0;0;0;0;0;
225;Fire Breath;226;0;0;0;1;10;5;0;0;0;0;0;15;1;0;1;1;0;0;0;1;0;;0;0;1;1;0;0;0;0;0;0;0;0;0;0;0;0;0;0;0;;;10073;0;0;0;0;0;0;0;0;0;0;
226;Frost Breath;227;0;0;0;1;10;5;0;0;0;0;0;9;1;0;1;2;0;0;0;0;1;;0;0;1;1;0;0;0;0;0;0;0;0;0;0;0;0;0;0;0;;;10068;0;0;0;0;0;0;0;0;0;0;
227;Divine Armament;228;0;0;0;1;0;0;0;0;0;0;0;5;1;0;1;0;0;0;0;1;0;;0;0;1;0;0;0;0;0;0;1;0;0;0;0;0;0;0;0;0;;;;;0;0;0;0;0;0;0;0;0;
228;Elf Shot;229;0;0;0;1;30;20;0;0;0;0;0;100;0;1;1;0;1;0;0;0;0;;0;0;1;0;0;1;0;0;0;0;0;0;0;0;0;0;0;0;0;;;10271;5;0;0;0;0;0;0;1;0;0;
229;Flame Strike;230;0;0;3;1;0;0;0;0;0;1;0;0;1;0;0;1;0;0;0;1;0;;0;0;1;1;0;0;0;0;0;0;0;0;0;0;0;0;0;1;0;;;;;0;0;0;0;0;0;0;0;0;
230;Owl;231;0;0;6;1;0;0;0;0;0;1;0;13;0;0;1;0;0;1;0;0;0;;0;0;0;1;0;0;0;0;0;0;0;0;0;0;0;0;0;0;0;;;;;0;0;0;0;0;0;0;0;0;
231;Thunder Fist;232;0;0;0;1;0;0;0;232;0;0;0;-2;0;0;0;0;0;0;1;0;0;;0;0;1;1;0;0;0;0;0;0;0;0;0;0;0;0;0;0;0;;;;;0;0;0;0;0;0;0;0;0;
232;Shock;233;0;0;0;1;0;0;0;0;0;0;0;10;0;1;1;0;0;0;0;0;0;;1;0;1;1;0;0;0;0;0;0;0;0;0;0;0;0;0;0;0;;;;;0;0;0;0;0;0;0;0;0;
233;Rune Smasher;234;2;1;1;1;0;0;0;0;0;0;0;7;0;0;0;0;0;0;1;0;0;;0;0;1;1;0;0;0;0;0;0;0;0;0;0;0;0;0;0;0;;;;;0;0;0;0;0;0;0;0;0;
234;Jotun Spear;235;0;0;5;1;0;0;0;0;1;0;0;3;0;0;0;0;1;0;0;0;0;;0;0;0;1;0;0;0;0;0;0;0;0;0;0;0;0;0;0;0;;;;;1;0;0;0;0;0;0;0;0;
235;Pincer;236;0;0;0;1;0;0;0;0;0;0;0;1;0;0;0;0;0;0;0;0;0;;0;0;0;1;0;0;0;0;0;0;0;0;0;0;0;0;0;0;0;;;;;0;0;0;0;0;0;0;0;0;
236;Claw;237;0;0;0;1;0;0;0;0;0;1;0;16;0;0;1;0;0;1;0;0;0;;0;0;0;1;0;0;0;0;0;0;0;0;0;0;0;0;0;0;0;;;;;0;0;0;0;0;0;0;0;0;
237;Bite;238;0;0;0;1;0;0;0;0;0;1;0;18;0;0;1;0;0;1;0;0;0;;0;0;0;1;0;0;0;0;0;0;0;0;0;0;0;0;0;0;0;;;;;0;0;0;0;0;0;0;0;0;
238;Magic Staff;239;2;4;4;1;0;0;0;0;0;0;1;3;0;0;0;0;0;0;1;0;0;;0;0;1;1;0;0;0;0;0;0;0;0;0;0;0;0;0;0;0;;;;;0;0;0;0;0;0;0;0;0;
239;Venomous Fangs;240;0;-1;0;1;0;0;51;0;0;1;0;-2;0;0;0;0;1;0;0;0;0;;0;0;0;1;0;0;0;0;0;0;0;0;0;0;0;0;0;0;0;;;;;0;0;0;0;0;0;0;0;0;
240;Branch;241;0;0;0;1;0;0;0;0;0;0;0;0;0;0;0;0;0;0;1;0;0;;0;0;0;1;0;0;0;0;0;0;0;0;0;0;0;0;0;0;0;;;;;0;0;0;0;0;0;0;0;0;
241;Hell Sword;242;3;0;3;1;0;0;0;0;0;0;1;9;0;0;0;0;0;1;0;0;0;;0;0;1;0;0;0;0;0;0;0;0;0;0;0;0;0;0;0;0;;;;;0;0;0;0;1;0;0;0;0;
242;Hunter's Knife;243;2;0;0;1;0;0;0;0;0;0;0;3;1;0;0;0;1;0;0;0;0;;0;0;1;1;0;0;0;0;0;0;0;0;0;0;0;0;0;0;0;;;;;0;0;0;0;0;0;0;0;0;
243;Lightning;244;3;0;0;1;30;10;0;0;0;0;0;0;0;1;0;0;0;0;0;0;0;;1;0;1;1;0;0;0;0;0;0;0;0;0;0;0;0;0;0;0;;;210;4;0;0;0;0;0;0;0;0;0;
244;Dark Fire Sword;245;4;2;3;1;0;0;0;221;0;0;1;15;1;0;0;0;0;1;0;0;0;;0;0;1;1;0;0;0;0;0;0;0;0;0;0;0;0;0;0;0;;;;;0;0;0;0;0;0;0;0;0;
245;Axe of Sharpness;246;2;0;1;1;0;0;0;0;0;0;0;10;1;0;0;0;0;1;0;0;0;;0;0;1;1;0;0;0;0;0;0;0;0;0;0;0;0;0;0;0;;;;;0;0;0;0;0;0;0;0;0;
246;Elf Bane;247;3;0;1;1;0;0;247;0;0;0;0;12;1;0;0;0;0;1;0;0;0;;0;0;1;1;0;0;0;0;0;0;0;0;0;0;0;0;0;0;0;;;;;0;0;0;0;0;0;0;0;0;
247;Slay Magic;248;0;0;0;1;0;0;0;0;0;0;0;999;0;1;1;0;0;0;0;0;0;;0;0;1;1;0;0;0;0;0;0;0;0;0;0;0;0;0;0;0;;;;;0;0;0;0;0;0;1;0;0;
248;Venomous Claw;249;0;0;0;1;0;0;50;0;0;0;0;0;0;0;0;0;0;1;0;0;0;;0;0;0;1;0;0;0;0;0;0;0;0;0;0;0;0;0;0;0;;;;;0;0;0;0;0;0;0;0;0;
249;Venomous Claw;250;0;0;0;1;0;0;51;0;0;0;0;0;0;0;0;0;0;1;0;0;0;;0;0;0;1;0;0;0;0;0;0;0;0;0;0;0;0;0;0;0;;;;;0;0;0;0;0;0;0;0;0;
250;Poisoned Claw;251;0;0;0;1;0;0;53;0;0;0;0;0;0;0;0;0;0;1;0;0;0;;0;0;0;1;0;0;0;0;0;0;0;0;0;0;0;0;0;0;0;;;;;0;0;0;0;0;0;0;0;0;
251;Venomous Fangs;252;0;-1;0;1;0;0;54;0;0;1;0;-2;0;0;0;0;1;0;0;0;0;;0;0;0;1;0;0;0;0;0;0;0;0;0;0;0;0;0;0;0;;;;;0;0;0;0;0;0;0;0;0;
252;Club;253;0;0;1;1;0;0;0;0;0;0;0;3;0;0;0;0;0;0;1;0;0;;0;0;0;1;0;0;0;0;0;0;0;0;0;0;0;0;0;0;0;;;;;0;1;0;0;0;0;0;0;0;
253;Hatchet;254;1;0;1;1;0;0;0;0;1;0;0;5;0;0;0;0;0;1;0;0;0;;0;0;0;1;0;0;0;0;0;0;0;0;0;0;0;0;0;0;0;;;;;1;0;0;0;0;0;0;0;0;
254;Plague Breath;255;0;0;0;1;-1;5;0;255;0;0;0;1;0;0;1;10;0;0;0;0;0;;0;0;1;0;0;0;0;0;0;0;0;0;0;0;0;0;0;0;0;;;10080;0;0;0;0;0;0;0;1;0;0;
255;Area Fear;256;0;0;0;1;0;0;0;0;0;0;0;4;0;1;1;10;0;0;0;0;0;;0;0;1;0;0;0;0;0;0;0;0;0;0;0;0;0;0;0;0;;;;;0;0;0;0;0;0;0;0;0;
256;Kryss;257;0;0;1;1;0;0;0;0;1;0;0;3;0;0;0;0;1;0;0;0;0;;0;0;0;1;0;0;0;0;0;0;0;0;0;0;0;0;0;0;0;;;;;1;0;0;0;0;0;0;0;0;
257;Bardiche;258;0;-1;5;1;0;0;0;0;4;0;1;6;0;0;0;0;0;1;0;0;0;;0;0;0;1;0;0;0;0;0;0;0;0;0;0;0;0;0;0;0;;;;;1;0;0;0;0;0;0;0;0;
258;Claymore;259;1;1;3;1;0;0;0;0;5;0;1;10;0;0;0;0;0;1;0;0;0;;0;0;0;1;0;0;0;0;0;0;0;0;0;0;0;0;0;0;0;;;;;1;0;0;0;0;0;0;0;0;
259;Executioner's Axe;260;1;-1;3;1;0;0;0;0;4;0;1;10;0;0;0;0;0;1;0;0;0;;0;0;0;1;0;0;0;0;0;0;0;0;0;0;0;0;0;0;0;;;;;1;0;0;0;0;0;0;0;0;
260;Throwing Axe;261;-4;0;0;1;-1;2;0;0;2;0;0;5;0;0;0;0;0;1;0;0;0;;0;0;0;1;0;0;0;0;0;0;0;0;0;0;0;0;0;0;0;;;411;4;0;0;0;0;0;0;0;0;0;
261;Web;262;0;0;0;1;0;0;0;0;0;1;0;536870912;0;0;1;0;0;0;0;0;0;;0;0;0;0;0;0;0;0;0;0;0;0;0;0;0;0;0;1;0;;;;;0;0;0;0;0;0;0;0;1;
262;Web Spit;263;0;0;0;1;8;4;0;0;0;1;0;536870912;0;0;1;1;0;0;0;0;0;;0;0;0;0;0;0;0;0;0;0;0;0;0;0;0;0;0;0;0;;;416;3;0;0;0;0;0;0;0;0;1;
263;Net;264;0;0;4;1;0;1;0;0;1;1;0;536870912;0;0;1;0;0;0;0;0;0;;0;0;0;0;0;0;0;0;0;0;0;0;0;0;0;0;1;1;0;;;;;0;0;0;0;0;0;0;0;1;
264;Composite Bow;265;1;0;0;1;35;12;0;0;3;0;1;11;0;0;1;0;1;0;0;0;0;;0;0;0;1;0;0;0;0;0;0;0;0;0;0;0;0;0;0;0;;;109;1;0;0;0;0;0;0;0;0;0;
265;Spiked Club;266;0;0;1;1;0;0;0;0;1;0;0;4;0;0;0;0;1;0;1;0;0;;0;0;0;1;0;0;0;0;0;0;0;0;0;0;0;0;0;0;0;;;;;0;1;0;0;0;0;0;0;0;
266;Great Bow;267;0;0;0;1;45;12;0;0;4;0;1;14;0;0;1;0;1;0;0;0;0;;0;0;0;1;0;0;0;0;0;0;0;0;0;0;0;0;0;0;0;;;109;1;0;1;0;0;0;0;0;0;0;
267;Pick Axe;268;-2;-2;2;1;0;0;0;0;3;0;1;8;0;0;0;0;1;0;0;0;0;;0;0;0;1;0;0;0;0;0;0;0;0;0;0;0;0;0;0;0;;;;;1;0;0;0;0;0;0;0;0;
268;Jotun Longsword;269;0;1;3;1;0;0;0;0;3;0;0;9;0;0;0;0;0;1;0;0;0;;0;0;0;1;0;0;0;0;0;0;0;0;0;0;0;0;0;0;0;;;;;1;0;0;0;0;0;0;0;0;
269;Soul Leech;270;0;0;0;1;0;0;0;0;0;0;0;0;0;1;0;1;0;0;0;0;0;;0;0;1;0;0;0;0;0;0;0;0;0;0;1;0;0;0;1;0;;;;;0;0;0;1;0;0;1;0;0;
270;Consume Soul;271;0;0;0;1;0;0;0;0;0;0;0;999;0;1;1;0;0;0;0;0;0;;0;0;1;0;0;0;0;0;0;0;0;0;0;1;0;0;0;1;0;;;;;0;0;0;1;0;0;1;0;0;
271;Life Drain Tentacle;272;0;0;0;1;0;0;0;0;0;1;0;10;1;0;1;0;0;0;0;0;0;;0;0;1;0;0;0;0;0;0;0;0;0;0;0;0;0;0;0;0;;;;;0;0;0;1;0;0;0;0;0;
272;Claw of Kurgi;273;5;0;0;1;0;0;0;0;0;0;0;20;0;1;1;0;0;1;0;0;0;;0;0;1;1;0;0;0;0;0;0;0;0;0;0;0;0;0;0;0;;;;;0;0;0;0;0;0;0;0;0;
273;Pincer;274;0;0;0;1;0;0;0;0;0;1;0;1;1;0;0;0;0;0;0;0;0;;0;0;0;1;0;0;0;0;0;0;0;0;0;0;0;0;0;0;0;;;;;0;0;0;0;0;0;0;0;0;
274;Enslave Mind;275;100;0;0;1;25;5;0;0;0;1;0;999;0;0;1;0;0;0;0;0;0;;0;0;1;0;0;0;0;0;0;0;0;0;0;1;0;0;0;0;0;;;;;0;0;0;0;0;0;1;0;0;
275;Sun Sword;276;3;3;2;1;0;0;0;276;0;0;0;15;0;0;0;0;0;1;0;0;0;;0;0;1;0;0;0;0;0;0;1;0;0;0;0;0;0;0;0;0;;;;;0;0;0;0;0;0;0;0;0;
276;Small Area Holyfire;277;0;0;0;1;0;0;0;0;0;0;0;6;1;0;1;1;0;0;0;1;0;;0;0;1;0;0;0;0;0;0;1;0;0;0;0;0;0;0;0;0;;;;;0;0;0;0;0;0;0;0;0;
277;Demon Whip;278;2;0;5;1;0;0;0;171;0;0;0;2;0;0;0;0;0;1;0;0;0;;0;0;1;0;1;0;0;0;0;0;0;0;0;0;0;0;0;0;0;;;;;0;0;0;0;0;0;0;0;0;
278;Lightning Spear;279;1;1;4;1;0;0;0;232;0;0;0;4;0;0;0;0;1;0;0;0;0;;0;0;1;1;0;0;0;0;0;0;0;0;0;0;0;0;0;0;0;;;;;0;0;0;0;0;0;0;0;0;
279;Spectral Javelin;280;-2;0;0;1;-1;2;0;0;0;0;0;2;0;0;0;0;1;0;0;0;0;;0;0;1;1;0;0;0;0;0;0;0;0;0;0;0;0;0;0;0;;;110;1;0;0;0;0;0;0;1;0;0;
280;Spectral Spear;281;0;0;4;1;0;0;0;0;0;0;0;3;0;0;0;0;1;0;0;0;0;;0;0;1;1;0;0;0;0;0;0;0;0;0;0;0;0;0;0;0;;;;;0;0;0;0;0;0;1;0;0;
281;Spectral Sword;282;0;1;1;1;0;0;0;0;0;0;0;5;0;0;0;0;0;1;0;0;0;;0;0;1;1;0;0;0;0;0;0;0;0;0;0;0;0;0;0;0;;;;;0;0;0;0;0;0;1;0;0;
282;Paralyze;283;0;0;0;1;0;0;0;0;0;0;0;5;0;1;1;0;0;0;0;0;0;;0;0;1;0;0;0;1;0;0;0;0;0;0;0;0;0;0;0;0;;;;;0;0;0;0;0;0;1;0;0;
283;Paralyze;284;0;0;0;1;0;0;0;0;0;0;0;10;0;1;1;0;0;0;0;0;0;;0;0;1;0;0;0;1;0;0;0;0;0;0;0;0;0;0;0;0;;;;;0;0;0;0;0;0;1;0;0;
284;Steal Strength;285;0;0;0;1;0;0;285;0;0;0;0;0;0;1;0;0;0;0;0;0;0;;0;0;1;1;0;0;0;0;0;0;0;0;0;0;0;0;0;0;0;;;;;0;0;0;0;0;0;1;0;0;
285;Additional Weakness;286;0;0;0;1;0;0;0;0;0;0;0;2;0;1;1;0;0;0;0;0;0;;0;0;1;0;0;0;0;0;0;0;0;0;0;0;0;0;0;0;0;;;;;0;0;1;0;0;0;1;0;0;
286;Touch of Leprosy;287;0;0;0;1;0;0;143;0;0;0;0;0;0;0;0;0;0;0;0;0;0;;0;0;1;1;0;0;0;0;0;0;0;0;0;0;0;0;0;0;0;;;;;0;0;0;0;0;0;0;0;0;
287;Phantasmal Bow;288;0;0;0;1;30;12;0;0;0;0;1;9;0;0;0;0;1;0;0;0;0;;0;0;1;1;0;0;0;0;0;0;0;0;0;0;0;0;0;0;0;;;109;0;0;0;0;0;0;0;1;0;0;
288;Obsidian Club Sword;289;0;1;3;1;0;0;0;0;2;0;1;7;0;0;0;0;0;1;1;0;0;;0;0;0;1;0;0;0;0;0;0;0;0;0;0;0;0;0;0;0;;;;;0;0;0;0;0;0;0;0;0;
289;Moon Blade;290;2;3;3;1;0;0;0;0;0;0;1;11;0;0;0;0;0;1;0;0;0;;0;0;1;0;0;0;0;0;0;0;1;0;0;0;0;0;0;0;0;;;;;0;0;0;0;0;0;0;0;0;
290;Moon Lance;291;1;1;4;1;0;0;0;0;0;0;0;6;0;0;0;0;1;0;0;0;0;;0;0;1;0;0;0;0;0;0;0;1;0;0;0;0;0;0;0;0;;;;;0;0;0;0;0;0;0;0;0;
291;unused;292;0;0;5;1;0;0;0;0;0;0;0;6;1;0;1;0;0;0;0;1;0;;0;0;1;1;0;0;0;0;0;0;0;0;0;0;0;0;0;0;0;;;;;0;0;0;0;0;0;0;0;0;
292;Fire Blessing;293;0;0;0;1;0;0;0;0;0;0;0;6;1;0;1;0;0;0;0;1;0;;0;0;1;1;0;0;0;0;0;0;0;0;0;0;0;0;0;0;0;;;;;0;0;0;0;0;0;0;0;0;
293;Psychic Damage;294;0;0;0;1;0;0;0;0;0;0;0;1;0;1;1;0;0;0;0;0;0;;0;0;1;1;0;0;0;0;0;0;0;0;0;1;0;0;0;0;0;;;;;0;0;0;0;0;0;1;0;0;
294;Weakness;295;100;0;0;1;30;10;0;0;0;0;0;2;0;1;1;0;0;0;0;0;0;;0;0;1;0;0;0;0;0;0;0;0;0;0;0;0;0;0;0;0;;;;;0;0;1;0;0;0;1;0;0;
295;Twin Spear;296;1;1;4;1;0;0;0;0;0;0;0;8;1;0;0;0;1;0;0;0;0;;0;0;1;1;0;0;0;0;0;0;0;0;0;0;0;0;0;0;0;;;;;0;0;0;0;0;0;0;0;0;
296;Twin Spear;297;1;1;4;1;0;0;0;0;0;0;0;8;1;0;0;0;1;0;0;0;0;;0;0;1;0;0;0;0;0;0;0;0;0;0;0;0;0;0;0;1;;;;;0;0;0;0;0;0;0;0;0;
297;Serpent Kryss;298;2;1;0;1;0;0;52;0;0;0;0;4;1;0;0;0;1;0;0;0;0;;0;0;1;1;0;0;0;0;0;0;0;0;0;0;0;0;0;0;0;;;;;0;0;0;0;0;0;0;0;0;
298;Tartarian Chains;299;3;-2;5;1;0;0;0;0;0;0;0;5;0;0;0;0;0;0;1;0;0;;0;0;1;1;0;0;0;0;0;0;0;0;0;0;1;0;0;0;0;;;;;0;0;0;0;0;0;0;0;0;
299;Enchanted Sickle;300;2;1;1;1;0;0;0;0;0;0;0;7;0;0;0;0;0;1;0;0;0;;0;0;1;1;0;0;0;0;0;0;0;0;0;0;0;0;0;0;0;;;;;0;0;0;0;0;0;0;0;0;
300;Head Butt;301;1;-1;0;1;0;0;0;0;0;0;0;0;0;0;0;0;0;0;1;0;0;;0;0;0;1;0;0;0;0;0;0;0;0;0;0;0;0;0;0;0;;;;;0;0;0;0;0;0;0;0;0;
301;Fire Bola;302;2;0;0;1;-1;50;0;302;0;0;0;0;0;0;0;0;0;0;1;0;0;;0;0;1;1;0;0;0;0;0;0;0;0;0;0;0;0;0;0;0;;;424;4;0;0;0;0;0;0;0;0;0;
302;Fire Bonds;303;0;0;0;1;0;0;0;0;0;0;0;65536;0;0;1;0;0;0;0;0;0;;0;0;1;0;0;0;0;0;0;0;0;0;0;0;0;0;0;0;0;;;;;0;0;0;0;0;0;0;0;0;
303;Vine Bow;304;0;0;0;1;30;12;0;137;0;0;1;8;0;0;1;0;1;0;0;0;0;;0;0;1;1;0;0;0;0;0;0;0;0;0;0;0;0;0;0;0;;;419;1;0;0;0;0;0;0;0;0;0;
304;Evening Star;305;6;-2;2;1;0;0;0;305;0;0;0;9;0;0;0;0;0;0;1;0;0;;0;0;1;1;0;0;0;0;0;0;0;0;0;0;1;0;0;0;0;;;;;0;0;0;0;0;0;0;0;0;
305;Fire and Weakness;306;0;0;0;1;0;0;0;306;0;0;0;12;1;0;1;0;0;0;0;1;0;;0;0;1;1;0;0;0;0;0;0;0;0;0;0;0;0;0;0;0;;;;;0;0;0;0;0;0;0;0;0;
306;Weakness;307;0;0;0;1;0;0;0;0;0;0;0;2;0;1;1;0;0;0;0;0;0;;0;0;1;0;0;0;0;0;0;0;0;0;0;0;0;0;0;0;0;;;;;0;0;1;0;0;0;0;0;0;
307;Jotun Battleaxe;308;1;0;4;1;0;0;0;0;3;0;1;9;0;0;0;0;0;1;0;0;0;;0;0;0;1;0;0;0;0;0;0;0;0;0;0;0;0;0;0;0;;;;;1;0;0;0;0;0;0;0;0;
308;Glaive;309;-1;1;4;1;0;0;0;0;4;0;1;10;0;0;0;0;1;1;0;0;0;;0;0;0;1;0;0;0;0;0;0;0;0;0;0;0;0;0;0;0;;;;;1;0;0;0;0;0;0;0;0;
309;Jade Knife;310;1;0;0;1;0;0;0;0;0;0;0;1;0;0;0;0;1;0;0;0;0;;0;0;1;1;0;0;0;0;0;0;0;0;0;0;0;0;0;0;0;;;;;0;0;0;0;0;0;0;0;0;
310;Infernal Scythe;311;-1;-2;4;1;0;0;441;0;0;0;0;12;0;0;0;0;0;1;0;0;0;;0;0;1;1;0;0;0;0;0;0;0;0;0;0;0;0;0;0;0;;;;;0;0;0;0;0;0;0;0;0;
311;Mind Blast;312;100;0;0;1;100;10;293;0;0;1;0;10;0;1;1;0;0;0;0;0;0;;0;0;1;0;0;0;1;0;0;0;0;0;0;1;0;0;0;0;0;;;;;0;0;0;0;0;0;1;0;0;
312;Bane Dagger;313;2;0;1;1;0;0;64;0;1;0;0;3;0;0;0;0;1;0;0;0;0;;0;0;1;1;0;0;0;0;0;0;0;0;0;0;0;0;0;0;0;;;;;0;0;0;0;0;0;0;0;0;
313;Spider Fangs;314;0;-1;0;1;0;0;316;0;0;1;0;14;0;0;1;0;1;0;0;0;0;;0;0;0;1;0;0;0;0;0;0;0;0;0;0;0;0;0;0;0;;;;;0;0;0;0;0;0;0;0;0;
314;Spider Fangs;315;0;-1;0;1;0;0;316;0;0;1;0;16;0;0;1;0;1;0;0;0;0;;0;0;0;1;0;0;0;0;0;0;0;0;0;0;0;0;0;0;0;;;;;0;0;0;0;0;0;0;0;0;
315;Machaka Spear;316;-1;-1;5;1;0;0;0;0;3;0;0;5;0;0;0;0;1;0;0;0;0;;0;0;0;1;0;0;0;0;0;0;0;0;0;0;0;0;0;0;0;;;;;1;0;0;0;0;0;0;0;0;
316;Death Poison and Web;317;0;0;0;1;0;0;261;0;0;0;0;35;0;0;1;0;0;0;0;0;0;;0;0;0;0;0;0;0;1;0;0;0;0;0;0;0;0;0;0;0;;;;;0;0;0;0;0;0;0;0;0;
317;Rake;318;-1;-1;5;1;0;0;0;0;1;0;0;1;0;0;0;0;0;0;1;0;0;;0;0;0;1;0;0;0;0;0;0;0;0;0;0;0;0;0;0;0;;;;;0;1;0;0;0;0;0;0;0;
318;Snake Staff;319;1;3;4;1;0;0;50;0;1;0;1;3;0;0;0;0;1;0;1;0;0;;0;0;1;1;0;0;0;0;0;0;0;0;0;0;0;0;0;0;0;;;;;0;1;0;0;0;0;0;0;0;
319;Bite;320;0;-1;0;1;0;0;0;0;0;1;0;2;1;0;0;0;0;1;0;0;0;;0;0;0;1;0;0;0;0;0;0;0;0;0;0;0;0;0;0;0;;;;;0;0;0;0;0;0;0;0;0;
320;Flaming Fist;321;0;0;0;1;0;0;0;221;0;0;0;-2;0;0;0;0;0;0;1;0;0;;0;0;1;1;0;0;0;0;0;0;0;0;0;0;0;0;0;0;0;;;;;0;0;0;0;0;0;0;0;0;
321;Flaming Wheel;322;0;0;0;1;30;10;0;0;0;0;0;0;1;0;0;0;0;0;0;1;0;;0;0;1;1;0;0;0;0;0;0;0;0;0;0;0;0;0;0;0;;;10182;4;0;0;0;0;0;0;0;0;0;
322;Bite;323;0;-1;0;1;0;0;0;0;0;1;0;2;0;0;0;0;0;1;0;0;0;;0;0;0;1;0;0;0;0;0;0;0;0;0;0;0;0;0;0;0;;;;;0;0;0;0;0;0;0;0;0;
323;Venomous Bite;324;0;-1;0;1;0;0;50;0;0;1;0;2;0;0;0;0;0;1;0;0;0;;0;0;0;1;0;0;0;0;0;0;0;0;0;0;0;0;0;0;0;;;;;0;0;0;0;0;0;0;0;0;
324;Poison Spit;325;0;0;0;1;-1;5;0;0;0;0;0;10;0;1;1;0;0;0;0;0;0;;0;0;1;0;0;0;0;1;0;0;0;0;0;0;0;0;0;0;0;;;214;4;0;0;0;0;0;0;0;0;0;
325;Venomous Fangs;326;0;-1;0;1;0;0;51;0;0;1;0;-2;0;0;0;0;1;0;0;0;0;;0;0;0;1;0;0;0;0;0;0;0;0;0;0;0;0;0;0;0;;;;;0;0;0;0;0;0;0;0;0;
326;Iron Crutch;327;-1;-1;2;1;0;0;0;0;2;0;0;3;0;0;0;0;0;0;1;0;0;;0;0;0;1;0;0;0;0;0;0;0;0;0;0;0;0;0;0;0;;;;;1;0;0;0;0;0;0;0;0;
327;Smasher;328;1;0;1;1;0;0;0;328;0;0;0;10;0;0;0;0;0;0;1;0;0;;0;0;1;1;0;0;0;0;0;0;0;0;0;0;0;0;0;0;0;;;;;0;0;0;0;0;0;0;0;0;
328;Shatter;329;0;0;0;1;0;0;0;0;0;0;0;20;0;1;1;0;0;0;0;0;0;;0;0;1;0;0;0;0;0;0;0;0;0;0;0;0;0;0;0;0;;;;;0;0;0;0;0;0;0;0;0;
329;Slime;330;5;0;4;1;0;0;0;0;0;0;0;134217728;0;1;1;0;0;0;0;0;0;;0;0;1;0;0;0;0;0;0;0;0;0;0;0;0;0;0;0;0;;;;;0;0;0;0;0;0;1;0;0;
330;Alicorn;331;0;0;2;1;0;0;0;0;0;1;0;14;0;0;1;0;1;0;0;0;0;;0;0;1;1;0;0;0;0;0;0;0;0;0;0;0;0;0;0;0;;;;;0;0;0;0;0;0;0;0;0;
331;Gore;332;-1;-1;0;1;0;0;0;0;0;1;0;0;0;0;0;0;0;1;0;0;0;;0;0;0;1;0;0;0;0;0;0;0;0;0;0;0;0;0;0;0;;;;;0;0;0;0;0;0;0;0;0;
332;Vision's Foe;333;10;0;0;-3;45;10;0;333;0;0;1;16;0;1;1;0;1;0;0;0;0;;0;0;1;1;0;0;0;0;0;0;0;0;0;0;0;0;0;0;0;;;109;1;0;0;0;0;0;0;0;0;0;
333;Eyeloss;334;0;0;0;1;0;0;0;0;0;0;0;524288;0;0;1;0;0;0;0;0;0;;0;0;1;0;0;0;0;0;0;0;0;0;0;0;0;0;0;0;0;;;;;0;0;0;0;0;0;0;0;0;
334;...;335;2;-2;1;2;0;0;0;335;0;0;1;10;0;0;0;0;0;0;0;0;0;;0;0;1;1;0;0;0;0;0;0;0;0;0;0;0;0;0;0;0;;;;;0;0;0;0;0;0;0;0;0;
335;Armloss;336;0;0;0;1;0;0;0;0;0;0;0;1073741824;0;0;1;0;0;0;0;0;0;;0;0;1;0;0;0;0;0;0;0;0;0;0;0;0;0;0;0;0;;;;;0;0;0;0;0;0;0;0;0;
336;The Sharpest Tooth;337;2;0;0;1;0;0;337;0;0;0;0;3;1;0;0;0;1;0;0;0;0;;0;0;1;1;0;0;0;0;0;0;0;0;0;0;0;0;0;0;0;;;;;0;0;0;0;0;0;0;0;0;
337;The Deadliest Poison;338;0;0;0;1;0;0;0;0;0;0;0;75;0;1;1;0;0;0;0;0;0;;0;0;1;0;0;0;0;1;0;0;0;0;0;0;0;0;0;0;0;;;;;0;0;0;0;0;0;0;0;0;
338;Hoof;339;0;0;0;1;0;0;0;0;0;1;0;20;0;0;1;0;0;0;1;0;0;;0;0;0;1;0;0;0;0;0;0;0;0;0;0;0;0;0;0;0;;;;;0;0;0;0;0;0;0;0;0;
339;Cornucopia;340;0;0;3;1;0;0;0;0;0;0;1;7;0;0;0;0;0;0;1;0;0;;0;0;1;1;0;0;0;0;0;0;0;0;0;0;0;0;0;0;0;;;;;0;0;0;0;0;0;0;0;0;
340;Procas's Axe of Rulership;341;3;-2;1;1;0;0;0;335;0;0;0;14;0;0;0;0;0;1;0;0;0;;0;0;1;1;0;0;0;0;0;0;0;0;0;0;0;0;0;0;0;;;;;0;0;0;0;0;0;0;0;0;
341;Picus's Axe of Rulership;342;5;-2;1;1;0;0;0;335;0;0;0;12;0;0;0;0;0;1;0;0;0;;0;0;1;1;0;0;0;0;0;0;0;0;0;0;0;0;0;0;0;;;;;0;0;0;0;0;0;0;0;0;
342;Poison Ink;343;0;1;0;1;0;0;0;0;0;1;0;5;0;1;1;2;0;0;0;0;0;;0;0;1;0;0;0;0;1;0;0;0;0;0;0;0;0;0;1;0;;;;;0;0;0;0;0;0;0;0;0;
343;Blade Hand;344;0;0;1;1;0;0;0;0;0;0;0;4;0;0;0;0;0;1;0;0;0;;0;0;0;1;0;0;0;0;0;0;0;0;0;0;0;0;0;0;0;;;;;0;0;0;0;0;0;0;0;0;
344;Demon-Slayer;345;2;2;2;1;0;0;0;0;0;0;0;8;0;0;0;0;0;1;0;0;0;;0;0;1;0;0;0;0;0;0;1;0;0;0;0;0;0;0;0;0;;;;;0;0;0;0;0;0;0;0;0;
345;Fly Whisk;346;0;0;1;1;0;0;0;0;0;0;0;0;0;0;0;0;0;0;0;0;0;;0;0;1;0;0;1;0;0;0;0;0;0;0;0;0;0;0;0;0;;;;;0;1;0;0;0;0;0;0;0;
346;Useless Kick;347;-4;-2;0;1;0;0;0;0;0;0;0;-5;0;0;0;0;0;0;1;0;0;;0;0;0;1;0;0;0;0;0;0;0;0;0;0;0;0;0;0;0;;;;;0;0;0;0;0;0;0;0;0;
347;Flail;348;1;-2;3;2;0;0;0;0;3;0;0;3;0;0;0;0;0;0;1;0;0;;0;0;0;1;0;0;0;0;0;0;0;0;0;0;1;0;0;0;0;;;;;1;0;0;0;0;0;0;0;0;
348;Banefire Strike;349;0;0;3;1;0;0;0;349;0;1;0;0;1;0;0;1;0;0;0;0;0;;0;0;1;1;0;0;0;0;0;0;0;0;0;0;0;0;0;0;0;;;;;0;0;0;0;0;0;0;0;0;
349;Decay;350;0;0;0;1;0;0;0;0;0;0;0;256;0;0;1;1;0;0;0;0;0;;0;0;1;0;0;0;0;0;0;0;0;0;0;0;0;0;0;0;0;;;;;0;0;0;0;0;0;0;0;0;
350;Fire Flare;351;0;0;3;1;0;0;0;0;0;1;0;12;1;0;1;1;0;0;0;1;0;;0;0;1;1;0;0;0;0;0;0;0;0;0;0;0;0;0;0;0;;;;;0;0;0;0;0;0;0;0;0;
351;Pitchfork;352;-1;-1;4;1;0;0;0;0;1;0;1;3;0;0;0;0;1;0;0;0;0;;0;0;0;1;0;0;0;0;0;0;0;0;0;0;0;0;0;0;0;;;;;1;0;0;0;0;0;0;0;0;
352;Gore;353;1;-1;1;1;0;0;0;0;0;1;0;13;0;0;1;0;0;1;0;0;0;;0;0;0;1;0;0;0;0;0;0;0;0;0;0;0;0;0;0;0;;;;;0;0;0;0;0;0;0;0;0;
353;Moose Kick;354;0;0;3;1;0;0;0;0;0;1;0;16;0;0;1;0;0;0;1;0;0;;0;0;0;1;0;0;0;0;0;0;0;0;0;0;0;0;0;0;0;;;;;0;0;0;0;0;0;0;0;0;
354;Antlers;355;-1;0;0;1;0;0;0;0;0;1;0;16;0;0;1;0;0;1;0;0;0;;0;0;0;1;0;0;0;0;0;0;0;0;0;0;0;0;0;0;0;;;;;0;0;0;0;0;0;0;0;0;
355;Sting;356;0;0;0;1;0;0;50;0;0;1;0;0;1;0;0;0;1;0;0;0;0;;0;0;0;1;0;0;0;0;0;0;0;0;0;0;0;0;0;0;0;;;;;0;0;0;0;0;0;0;0;0;
356;Fire Composite Bow;357;1;0;0;1;35;12;0;216;0;0;1;11;0;0;1;0;1;0;0;0;0;;0;0;1;1;0;0;0;0;0;0;0;0;0;0;0;0;0;0;0;;;350;4;0;0;0;0;0;0;0;0;0;
357;Light Lance;358;0;0;4;1;0;0;0;0;1;0;0;3;0;0;0;0;1;0;0;0;0;;0;0;0;1;0;0;0;0;0;0;0;0;0;0;0;1;0;0;0;;;;;1;0;0;0;0;0;0;0;0;
358;Snake Hair;359;-2;0;0;3;0;0;50;0;0;1;0;-4;0;0;0;0;1;0;0;0;0;;0;0;0;1;0;0;0;0;0;0;0;0;0;0;0;0;0;0;0;;;;;0;0;0;0;0;0;0;0;0;
359;Venomous Bites;360;0;-1;0;2;0;0;51;0;0;1;0;-2;0;0;0;0;1;0;0;0;0;;0;0;0;1;0;0;0;0;0;0;0;0;0;0;0;0;0;0;0;;;;;0;0;0;0;0;0;0;0;0;
360;Sticks and Stones;361;-2;0;0;2;-1;30;0;0;0;0;0;-3;0;0;0;0;0;0;1;0;0;;0;0;0;1;0;0;0;0;0;0;0;0;0;0;0;0;0;0;0;;;111;1;0;0;0;0;0;0;0;0;0;
361;Small Bow;362;0;0;0;1;20;8;0;0;1;0;1;6;0;0;1;0;1;0;0;0;0;;0;0;0;1;0;0;0;0;0;0;0;0;0;0;0;0;0;0;0;;;109;1;0;1;0;0;0;0;0;0;0;
362;Chakram;363;0;0;0;1;-1;2;0;0;2;0;0;4;0;0;0;0;0;1;0;0;0;;0;0;0;1;0;0;0;0;0;0;0;0;0;0;0;0;0;0;0;;;442;1;1;0;0;0;0;0;0;0;0;
363;Iron Cudgel;364;0;0;3;1;0;0;0;0;2;0;1;8;0;0;0;0;0;0;1;0;0;;0;0;0;1;0;0;0;0;0;0;0;0;0;0;0;0;0;0;0;;;;;1;0;0;0;0;0;0;0;0;
364;Curse Luck;365;0;0;0;1;0;0;0;0;0;1;0;255;0;0;1;1;0;0;0;0;0;;0;0;1;0;0;0;0;0;0;0;0;0;0;0;0;0;0;1;0;;;;;0;0;0;0;0;0;1;0;0;
365;Flail of Misfortune;366;3;-3;3;2;0;0;0;366;0;0;1;3;0;0;0;0;0;0;1;0;0;;0;0;1;1;0;0;0;0;0;0;0;0;0;0;1;0;0;0;0;;;;;0;0;0;0;0;0;0;0;0;
366;Curse Luck;367;0;0;5;1;0;0;0;0;0;0;0;255;0;0;1;0;0;0;0;0;0;;0;0;1;0;0;0;0;0;0;0;0;0;0;0;0;0;0;1;0;;;;;0;0;0;0;0;0;0;0;0;
367;Horror Mark;368;0;0;0;1;0;0;0;0;0;0;0;261;0;0;1;0;0;0;0;0;0;;0;0;1;0;0;0;0;0;0;0;0;0;0;0;0;0;0;0;0;;;;;0;0;0;0;0;0;0;0;0;
368;Horror Mark;369;100;0;0;1;50;30;0;0;0;1;0;261;0;0;1;0;0;0;0;0;0;;0;0;1;0;0;0;0;0;0;0;0;0;0;0;0;0;0;0;0;;;;;0;0;0;0;0;0;0;0;0;
369;Curse;370;100;0;0;1;50;30;0;0;0;1;0;2;0;0;1;0;0;0;0;0;0;;0;0;1;0;0;0;0;0;0;0;0;0;0;0;0;0;0;0;0;;;;;0;0;0;0;0;0;0;0;0;
370;Theft of Reason;371;100;0;0;1;50;30;0;0;0;1;0;33554432;0;0;1;0;0;0;0;0;0;;0;0;1;0;0;0;0;0;0;0;0;0;0;0;0;0;0;0;0;;;;;0;0;0;0;0;0;1;0;0;
371;Theft of Life;372;100;0;0;1;50;30;0;0;0;1;0;0;0;1;0;1;0;0;0;0;0;;0;0;1;0;0;0;0;0;0;0;0;0;0;1;0;0;0;0;0;;;;;0;0;0;1;0;0;1;0;0;
372;Poison Bow;373;1;0;0;1;35;12;50;0;4;0;1;11;0;0;1;0;1;0;0;0;0;;0;0;0;1;0;0;0;0;0;0;0;0;0;0;0;0;0;0;0;;;109;1;0;1;0;0;0;0;0;0;0;
373;Stone Spear;374;0;0;4;1;0;0;0;0;0;0;0;2;0;0;0;0;1;0;0;0;0;;0;0;0;1;0;0;0;0;0;0;0;0;0;0;0;0;0;0;0;;;;;0;1;0;0;0;0;0;0;0;
374;Flint Sword;375;1;1;4;1;0;0;0;0;0;0;0;8;0;0;0;0;0;1;0;0;0;;0;0;1;1;0;0;0;0;0;0;0;0;0;0;0;0;0;0;0;;;;;0;0;0;0;0;0;0;0;0;
375;Dogs;376;-2;0;0;3;0;0;0;0;0;1;0;11;0;0;1;0;0;1;0;0;0;;0;0;0;1;0;0;0;0;0;0;0;0;0;0;0;0;0;0;0;;;;;0;0;0;0;0;0;0;0;0;
376;Yari;377;1;0;5;1;0;0;0;0;1;0;1;4;0;0;0;0;1;0;0;0;0;;0;0;0;1;0;0;0;0;0;0;0;0;0;0;0;0;0;0;0;;;;;1;0;0;0;0;0;0;0;0;
377;Wakizashi;378;2;1;1;1;0;0;0;0;4;0;0;5;0;0;0;0;1;1;0;0;0;;0;0;0;1;0;0;0;0;0;0;0;0;0;0;0;0;0;0;0;;;;;1;0;0;0;0;0;0;0;0;
378;Katana;379;3;2;2;1;0;0;0;0;7;0;1;6;0;0;0;0;1;1;0;0;0;;0;0;0;1;0;0;0;0;0;0;0;0;0;0;0;0;0;0;0;;;;;1;0;0;0;0;0;0;0;0;
379;No-Dachi;380;2;2;3;1;0;0;0;0;6;0;1;8;0;0;0;0;0;1;0;0;0;;0;0;0;1;0;0;0;0;0;0;0;0;0;0;0;0;0;0;0;;;;;1;0;0;0;0;0;0;0;0;
380;Naginata;381;-1;1;4;1;0;0;0;0;4;0;1;10;0;0;0;0;0;1;0;0;0;;0;0;0;1;0;0;0;0;0;0;0;0;0;0;0;0;0;0;0;;;;;1;0;0;0;0;0;0;0;0;
381;Ninjato;382;2;0;1;1;0;0;0;0;3;0;0;5;0;0;0;0;0;1;0;0;0;;0;0;0;1;0;0;0;0;0;0;0;0;0;0;0;0;0;0;0;;;;;1;0;0;0;0;0;0;0;0;
382;Shuriken;383;0;0;0;2;-1;4;51;0;1;0;0;1;0;0;0;0;1;0;0;0;0;;0;0;0;1;0;0;0;0;0;0;0;0;0;0;0;0;0;0;0;;;435;4;1;0;0;0;0;0;0;0;0;
383;Throw Flames;384;0;0;0;1;20;3;0;0;0;0;0;-3;1;0;0;0;0;0;0;1;0;;0;0;1;1;0;0;0;0;0;0;0;0;0;0;0;0;0;0;0;;;10182;4;0;0;0;0;0;0;0;0;0;
384;Minor Life Drain;385;0;0;0;1;0;0;0;0;0;0;0;5;0;1;1;0;0;0;0;0;0;;0;0;1;0;0;0;0;0;0;0;0;0;0;0;0;0;0;0;0;;;;;0;0;0;1;0;0;0;0;0;
385;Major Life Drain;386;0;0;0;1;0;0;0;0;0;0;0;10;0;1;1;0;0;0;0;0;0;;0;0;1;0;0;0;0;0;0;0;0;0;0;0;0;0;0;0;0;;;;;0;0;0;1;0;0;0;0;0;
386;Sceptre of Dark Regency;387;1;0;1;1;0;0;385;0;0;0;0;0;1;0;0;0;0;0;1;0;0;;0;0;1;1;0;0;0;0;0;0;0;0;0;0;0;0;0;0;0;;;;;0;0;0;0;0;0;0;0;0;
387;Sleep Touch;388;0;0;0;1;0;0;0;0;0;0;0;30;0;0;1;0;0;0;0;0;0;;0;0;1;0;0;1;0;0;0;0;0;0;0;0;0;0;0;0;0;;;;;0;0;0;0;0;0;1;0;0;
388;Pearl Spear;389;0;0;4;1;0;0;0;0;2;0;0;3;0;0;0;0;1;0;0;0;0;;0;0;1;1;0;0;0;0;0;0;0;0;0;0;0;0;0;0;0;;;;;0;0;0;0;0;0;0;0;0;
389;Pearl Trident;390;0;0;4;1;0;0;0;0;4;0;0;7;0;0;0;0;1;0;0;0;0;;0;0;1;1;0;0;0;0;0;0;0;0;0;0;0;0;0;0;0;;;;;0;0;0;0;0;0;0;0;0;
390;Scourge of Vengeance;391;2;0;2;2;0;0;64;0;2;0;0;4;0;0;0;0;0;0;1;0;0;;0;0;1;1;0;0;0;0;0;0;0;0;0;0;1;0;0;0;0;;;;;0;0;0;0;0;0;0;0;0;
391;Serpent;392;4;0;3;1;0;0;52;0;2;0;0;9;1;0;1;0;1;0;0;0;0;;0;0;1;1;0;0;0;0;0;0;0;0;0;0;1;0;0;0;0;;;;;0;0;0;0;0;0;0;0;0;
392;Torch of Strife;393;2;0;2;1;0;0;622;0;2;0;0;4;0;0;0;0;0;0;1;0;0;;0;0;1;1;0;0;0;0;0;0;0;0;0;0;0;0;0;0;0;;;;;0;0;0;0;0;0;0;0;0;
393;Touch of Tisiphone;394;0;0;0;1;0;0;394;0;0;0;0;0;0;0;0;0;0;0;0;0;0;;0;0;1;1;0;0;0;0;0;0;0;0;0;0;0;0;0;0;0;;;;;0;0;0;0;0;0;0;0;0;
394;Curse of Tisiphone;395;0;0;0;1;0;0;0;0;0;0;0;258;0;0;1;0;0;0;0;0;0;;0;0;1;0;0;0;0;0;0;0;0;0;0;0;0;0;0;0;0;;;;;0;0;0;0;0;0;0;0;0;
395;Shadow Brand;396;4;1;2;1;0;0;0;396;0;0;0;12;1;0;0;0;0;1;0;0;0;;0;0;1;1;0;0;0;0;0;0;0;0;0;0;0;0;0;0;0;;;;;0;0;0;0;0;0;0;0;0;
396;Leeching Darkness;397;0;0;0;1;0;0;0;285;0;0;0;5;0;1;1;5;0;0;0;0;0;;0;0;1;1;0;0;0;0;0;0;0;0;0;0;0;0;0;0;0;;;;;0;0;0;0;0;0;1;0;0;
397;Kick;398;0;0;0;1;0;0;0;0;0;1;0;0;0;0;0;0;0;0;1;0;0;;0;0;0;1;0;0;0;0;0;0;0;0;0;0;0;0;0;0;0;;;;;0;0;0;0;0;0;0;0;0;
398;Venomous Fangs;399;0;-1;0;1;0;0;52;0;0;1;0;-10;0;0;0;0;1;0;0;0;0;;0;0;0;1;0;0;0;0;0;0;0;0;0;0;0;0;0;0;0;;;;;0;0;0;0;0;0;0;0;0;
399;Gore;400;1;-1;0;1;0;0;0;0;0;1;0;2;0;0;0;0;0;1;0;0;0;;0;0;0;1;0;0;0;0;0;0;0;0;0;0;0;0;0;0;0;;;;;0;0;0;0;0;0;0;0;0;
400;Devour Soul;401;0;-1;0;1;0;0;401;0;0;1;0;2;0;0;0;0;0;0;0;0;0;;0;0;1;1;0;0;0;0;0;0;0;0;0;0;0;0;0;0;0;;;;;0;0;0;0;0;0;0;0;0;
401;Soul Death;402;0;0;0;1;0;0;0;0;0;0;0;999;0;1;1;0;0;0;0;0;0;;0;0;1;1;0;0;0;0;0;0;0;0;0;1;0;0;0;0;0;;;;;0;0;0;0;0;0;0;0;0;
402;Holy Scourge;403;3;-2;3;2;0;0;0;0;3;0;1;4;0;0;0;0;0;0;1;0;0;;0;0;1;0;0;0;0;0;0;1;0;0;0;0;1;0;0;0;0;;;;;0;0;0;0;0;0;0;0;0;
403;Mesmerize;404;100;0;0;1;25;5;0;0;0;1;0;128;0;0;1;0;0;0;0;0;0;;0;0;1;0;0;0;0;0;0;0;0;0;0;1;0;0;0;0;0;;;;;0;0;0;0;0;0;1;0;0;
404;Beak;405;0;-1;0;1;0;0;0;0;0;1;0;0;0;0;0;0;0;1;0;0;0;;0;0;0;1;0;0;0;0;0;0;0;0;0;0;0;0;0;0;0;;;;;0;0;0;0;0;0;0;0;0;
405;Fire Small Bow;406;0;0;0;1;20;8;0;216;1;0;1;6;0;0;1;0;1;0;0;0;0;;0;0;1;1;0;0;0;0;0;0;0;0;0;0;0;0;0;0;0;;;109;1;0;1;0;0;0;0;0;0;0;
406;Fire Chakram;407;0;0;0;1;-1;2;0;216;2;0;0;4;0;0;0;0;0;1;0;0;0;;0;0;1;1;0;0;0;0;0;0;0;0;0;0;0;0;0;0;0;;;111;1;1;0;0;0;0;0;0;0;0;
407;Fire Shuriken;408;0;0;0;2;-1;4;0;216;1;0;0;1;0;0;0;0;1;0;0;0;0;;0;0;1;1;0;0;0;0;0;0;0;0;0;0;0;0;0;0;0;;;411;4;1;0;0;0;0;0;0;0;0;
408;Talons;409;0;0;0;1;0;0;0;0;0;1;0;0;0;0;0;0;0;1;0;0;0;;0;0;0;1;0;0;0;0;0;0;0;0;0;0;0;0;0;0;0;;;;;0;0;0;0;0;0;0;0;0;
409;Small Area Cold;410;0;0;0;1;0;0;0;0;0;0;0;12;1;0;1;1;0;0;0;0;1;;0;0;1;1;0;0;0;0;0;0;0;0;0;0;0;0;0;0;0;;;;;0;0;0;0;0;0;0;0;0;
410;O'al Kan's Sceptre;411;0;0;1;1;0;0;0;411;0;0;0;0;0;1;0;0;0;0;1;0;0;;0;0;1;1;0;0;0;0;0;0;0;0;0;0;0;0;0;0;0;;;;;0;0;0;0;0;0;0;0;0;
411;Small Area Stun;412;0;0;0;1;0;0;0;0;0;0;0;10;0;1;1;1;0;0;0;0;0;;0;0;1;0;0;1;0;0;0;0;0;0;0;0;0;0;0;0;0;;;;;0;0;0;0;0;0;0;0;0;
412;Axe of Hate;413;3;0;1;1;0;0;413;0;0;0;0;12;0;0;0;0;0;1;0;0;0;;0;0;1;1;0;0;0;0;0;0;0;0;0;0;0;0;0;0;0;;;;;0;0;0;0;0;0;0;0;0;
413;Fatigue and Disease;414;0;0;1;1;0;0;414;0;0;0;0;20;0;1;1;0;0;0;0;0;0;;0;0;1;0;0;1;0;0;0;0;0;0;0;0;0;0;0;0;0;;;;;0;0;0;0;0;0;0;0;0;
414;Disease;415;0;0;1;1;0;0;0;0;0;0;0;1;0;1;1;0;0;0;0;0;0;;0;0;1;0;0;0;0;0;0;0;0;0;0;0;0;0;0;0;0;;;;;0;0;0;0;0;0;1;0;0;
415;Astral Hooks;416;0;0;0;3;0;0;367;0;0;1;0;-5;0;0;0;0;0;1;0;0;0;;0;0;1;1;0;0;0;0;0;0;0;0;0;0;0;0;0;0;0;;;;;0;0;0;0;0;0;0;0;0;
416;Astral Fetters;417;0;0;0;1;0;0;0;0;0;1;0;131072;0;0;1;0;0;0;0;0;0;;0;0;1;0;0;0;0;0;0;0;0;0;0;0;0;0;0;0;0;;;;;0;0;0;0;0;0;0;0;0;
417;Bite;418;0;0;0;1;0;0;0;0;0;1;0;22;0;0;1;0;0;1;0;0;0;;0;0;0;1;0;0;0;0;0;0;0;0;0;0;0;0;0;0;0;;;;;0;0;0;0;0;0;0;0;0;
418;Horror Claw;419;0;0;0;1;0;0;0;0;0;0;0;0;0;1;0;1;0;1;0;0;0;;0;0;1;1;0;0;0;0;0;0;0;0;0;0;0;0;0;0;0;;;;;0;0;0;0;0;0;0;0;0;
419;Lightning Strike;420;0;0;0;1;30;1;0;0;0;0;0;-3;0;1;0;0;0;0;0;0;0;;1;0;1;1;0;0;0;0;0;0;0;0;0;0;0;0;1;0;0;;;210;4;0;0;0;0;0;0;0;0;0;
420;Koppo;421;-3;0;0;1;0;0;421;0;0;0;0;-3;1;0;0;0;0;0;1;0;0;;0;0;0;1;0;0;0;0;0;0;0;0;0;0;0;0;0;0;0;;;;;0;0;0;0;0;0;0;0;0;
421;Limp;422;0;0;0;1;0;0;0;0;0;0;0;262144;0;0;1;0;0;0;0;0;0;;0;0;1;0;0;0;0;0;0;0;0;0;0;0;0;0;0;0;0;;;;;0;0;0;0;0;0;0;0;0;
422;Stellar Bolt;423;0;0;0;1;50;10;0;0;0;0;0;0;0;1;0;0;0;0;0;0;0;;0;0;1;1;0;0;0;0;0;0;0;0;0;0;0;0;0;0;0;;;;;0;0;0;0;0;0;1;0;0;
423;Scorpion Tail;424;0;0;3;1;0;0;52;0;0;1;0;0;0;0;0;0;1;0;0;0;0;;0;0;0;1;0;0;0;0;0;0;0;0;0;0;0;0;0;0;0;;;;;0;0;0;0;0;0;0;0;0;
424;Boulder;425;0;0;0;1;-3;5;0;0;0;0;0;8;0;0;0;0;0;0;1;0;0;;0;0;0;1;0;0;0;0;0;0;0;0;0;0;0;0;0;0;0;;;100;1;0;0;0;0;0;0;0;0;0;
425;Fire Boulder;426;0;0;0;1;-3;5;0;171;0;0;1;8;0;0;0;0;0;0;1;0;0;;0;0;1;1;0;0;0;0;0;0;0;0;0;0;0;0;0;0;0;;;362;4;0;0;0;0;0;0;0;0;0;
426;Obsidian Glaive;427;1;1;4;1;0;0;0;0;8;0;1;11;0;0;0;0;0;1;0;0;0;;0;0;1;1;0;0;0;0;0;0;0;0;0;0;0;0;0;0;0;;;;;0;0;0;0;0;0;0;0;0;
427;Granite Glaive;428;-1;0;4;1;0;0;0;0;0;0;1;7;0;0;0;0;0;0;1;0;0;;0;0;0;1;0;0;0;0;0;0;0;0;0;0;0;0;0;0;0;;;;;0;0;0;0;0;0;0;0;0;
428;Granite Sword;429;-1;0;2;1;0;0;0;0;0;0;0;4;0;0;0;0;0;0;1;0;0;;0;0;0;1;0;0;0;0;0;0;0;0;0;0;0;0;0;0;0;;;;;0;0;0;0;0;0;0;0;0;
429;Stone Club;430;-1;0;3;1;0;0;0;0;0;0;1;9;0;0;0;0;0;0;1;0;0;;0;0;0;1;0;0;0;0;0;0;0;0;0;0;0;0;0;0;0;;;;;0;1;0;0;0;0;0;0;0;
430;Doom Glaive;431;2;2;4;1;0;0;0;431;5;0;1;16;0;0;0;0;1;1;0;0;0;;0;0;1;1;0;0;0;0;0;0;0;0;0;0;0;0;0;0;0;;;;;0;0;0;0;0;0;0;0;0;
431;Small Area Curse and Decay;432;0;0;0;1;0;0;0;432;0;0;0;2;0;0;1;1;0;0;0;0;0;;0;0;1;0;0;0;0;0;0;0;0;0;0;0;0;0;0;0;0;;;;;0;0;0;0;0;0;0;0;0;
432;Small Area Decay;433;0;0;0;1;0;0;0;0;0;0;0;256;0;0;1;1;0;0;0;0;0;;0;0;1;0;0;0;0;0;0;0;0;0;0;0;0;0;0;0;0;;;;;0;0;0;0;0;0;1;0;0;
433;Shadow Spear;434;2;0;4;1;0;0;0;0;3;0;0;5;0;0;0;0;1;0;0;0;0;;0;0;1;1;0;0;0;0;0;0;0;0;0;0;0;0;0;0;0;;;;;0;0;0;0;0;0;0;0;0;
434;Banefire Crossbow;435;2;0;0;-2;35;14;0;435;0;0;1;13;1;0;1;0;1;0;0;0;0;;0;0;1;1;0;0;0;0;0;0;0;0;0;0;0;0;0;0;0;;;274;4;0;0;0;0;0;0;0;0;0;
435;Area Decay;436;0;0;0;1;0;0;0;0;0;0;0;256;0;0;1;3;0;0;0;0;0;;0;0;1;0;0;0;0;0;0;0;0;0;0;0;0;0;0;0;0;;;;;0;0;0;0;0;0;1;0;0;
436;Demon Bane;437;6;2;3;1;0;0;0;0;0;0;1;17;0;0;0;0;0;1;0;0;0;;0;0;1;0;0;0;0;0;1;0;0;0;0;0;0;0;0;0;0;;;;;0;0;0;0;0;0;0;0;0;
437;Long Spear;438;0;0;5;1;0;0;0;0;2;1;0;12;0;0;1;0;1;0;0;0;0;;0;0;0;1;0;0;0;0;0;0;0;0;0;0;0;0;0;0;0;;;;;1;0;0;0;0;0;0;0;0;
438;Plague Bow;439;5;0;0;1;40;12;143;0;0;0;1;14;0;0;1;0;1;0;0;0;0;;0;0;1;1;0;0;0;0;0;0;0;0;0;0;0;0;0;0;0;;;109;0;0;0;0;0;0;0;0;0;0;
439;Howling Bow;440;2;0;0;1;35;12;440;0;5;0;1;12;0;0;1;0;1;0;0;0;0;;0;0;1;1;0;0;0;0;0;0;0;0;0;0;0;0;0;0;0;;;109;0;0;0;0;0;0;0;0;0;0;
440;Lesser Fear;441;0;0;0;1;0;0;0;0;0;0;0;2;0;1;1;0;0;0;0;0;0;;0;0;1;0;0;0;0;0;0;0;0;0;0;0;0;0;0;0;0;;;;;0;0;0;0;0;0;0;0;0;
441;Banish to Inferno;442;0;0;0;1;0;0;0;0;0;0;0;-12;0;0;1;0;0;0;0;0;0;;0;0;1;0;0;0;0;0;0;0;0;0;0;0;0;0;0;0;0;;;;;0;0;0;0;0;0;1;0;0;
442;Dimensional Shift;443;0;0;0;1;0;0;0;0;0;0;0;-11;0;0;1;0;0;0;0;0;0;;0;0;1;0;0;0;0;0;0;0;0;0;0;0;0;0;0;0;0;;;;;0;0;0;0;0;0;1;0;0;
443;Dimensional Rod;444;1;1;1;1;0;0;0;442;0;0;0;0;0;0;0;0;0;0;1;0;0;;0;0;1;1;0;0;0;0;0;0;0;0;0;0;0;0;0;0;0;;;;;0;0;0;0;0;0;0;0;0;
444;Infernal Sword;445;4;2;3;1;0;0;441;0;0;0;1;10;0;0;0;0;0;1;0;0;0;;0;0;1;1;0;0;0;0;0;0;0;0;0;0;0;0;0;0;0;;;;;0;0;0;0;0;0;0;0;0;
445;Spear of the Dragon King;446;2;1;5;1;0;0;0;0;0;0;1;8;0;0;0;0;1;0;0;0;0;;0;0;1;1;0;0;0;0;0;0;0;0;0;0;0;0;0;0;0;;;;;0;0;0;0;0;0;0;0;0;
446;Sceptre;447;0;0;1;1;0;0;0;0;1;0;0;2;0;0;0;0;0;0;1;0;0;;0;0;0;1;0;0;0;0;0;0;0;0;0;0;0;0;0;0;0;;;;;0;0;0;0;0;0;0;0;0;
447;Venomous Bite;448;1;0;3;1;0;0;50;0;0;1;0;14;0;0;1;0;1;0;0;0;0;;0;0;0;1;0;0;0;0;0;0;0;0;0;0;0;0;0;0;0;;;;;0;0;0;0;0;0;0;0;0;
448;Death Blessing;449;0;0;6;1;0;0;143;0;0;0;0;2;0;1;1;0;0;0;0;0;0;;0;0;1;1;0;0;0;0;0;0;0;0;0;0;0;0;0;0;0;;;;;0;0;0;0;0;0;1;0;0;
449;Life Drain;450;5;0;0;1;0;0;0;0;0;1;0;20;1;0;1;0;0;0;0;0;0;;0;0;1;0;0;0;0;0;0;0;0;0;0;0;0;0;0;0;0;;;;;0;0;0;1;0;0;0;0;0;
450;Tiny Bite;451;0;0;0;1;0;0;0;0;0;1;0;0;0;1;0;0;0;1;0;0;0;;0;0;0;0;1;0;0;0;0;0;0;0;0;0;0;0;0;0;0;;;;;0;0;0;0;0;0;0;0;0;
451;Obsidian Club Sword;452;0;0;2;1;0;0;0;0;2;0;0;4;0;0;0;0;0;1;1;0;0;;0;0;0;1;0;0;0;0;0;0;0;0;0;0;0;0;0;0;0;;;;;0;0;0;0;0;0;0;0;0;
452;Harpoon;453;-2;0;0;1;-1;1;453;0;1;0;0;3;0;0;0;0;1;0;0;0;0;;0;0;0;1;0;0;0;0;0;0;0;0;0;0;0;0;1;0;0;;;110;1;0;1;0;0;0;0;0;0;0;
453;Harpooning;454;0;0;0;1;0;0;0;0;0;1;0;536870912;0;0;1;0;0;0;0;0;0;;0;0;0;0;0;0;0;0;0;0;0;0;0;0;0;0;0;0;0;;;;;0;0;0;0;0;0;0;0;1;
454;Ice Glaive;455;0;-1;4;1;0;0;0;0;6;0;1;9;0;0;0;0;1;1;0;0;0;;0;0;1;1;0;0;0;0;0;0;0;0;0;0;0;0;0;0;0;;;;;0;0;0;0;0;0;0;0;0;
455;Bone Glaive;456;0;-1;4;1;0;0;285;0;5;0;1;10;0;0;0;0;1;1;0;0;0;;0;0;1;1;0;0;0;0;0;0;0;0;0;0;0;0;0;0;0;;;;;0;0;0;0;0;0;0;0;0;
456;Gaze of Fear;457;100;0;0;1;40;12;0;0;0;1;0;4;0;1;1;5;0;0;0;0;0;;0;0;1;0;0;0;0;0;0;0;0;0;0;0;0;0;0;0;0;;;;;0;0;0;0;0;0;0;0;0;
457;Spectral Axe;458;1;0;3;1;0;0;458;0;0;0;1;8;0;0;0;0;0;1;0;0;0;;0;0;1;1;0;0;0;0;0;0;0;0;0;0;0;0;0;0;0;;;;;0;0;0;0;0;0;1;0;0;
458;Spectral Fire;459;0;0;6;1;0;0;0;0;0;0;0;8;1;0;1;0;0;0;0;1;0;;0;0;1;1;0;0;0;0;0;0;0;0;0;0;0;0;0;0;0;;;;;0;0;0;0;0;0;0;0;0;
459;Thrown Sutra;460;0;0;0;1;15;5;460;0;0;1;0;2;0;1;1;0;0;0;0;0;0;;0;0;1;0;0;0;0;0;0;1;0;0;0;0;0;0;0;0;0;;;10182;5;0;0;0;0;0;0;0;0;0;
460;Stop the Dead;461;0;0;0;1;0;0;0;0;0;0;0;5;0;1;1;0;0;0;0;0;0;;0;0;1;0;0;0;1;0;0;0;0;0;0;0;0;0;0;0;0;;;;;0;0;0;0;0;0;1;0;0;
461;Swallow;462;0;-2;0;1;0;0;0;0;0;1;0;-5;0;0;0;1;0;0;0;0;0;;0;0;0;0;0;0;0;0;0;0;0;0;0;0;0;0;0;0;0;;;;;0;0;0;0;0;0;0;0;0;
462;Venomous Bite;463;0;-1;0;1;0;0;52;0;0;1;0;2;0;0;0;0;0;0;0;0;0;;0;0;1;1;0;0;0;0;0;0;0;0;0;0;0;0;0;0;0;;;;;0;0;0;0;0;0;0;0;0;
463;Agarthan Steel Crossbow;464;2;-2;0;-2;35;12;0;0;5;0;1;13;1;0;1;0;1;0;0;0;0;;0;0;0;1;0;0;0;0;0;0;0;0;0;0;0;0;0;0;0;;;109;1;1;0;0;0;0;0;0;0;0;
464;Basalt Spear;465;1;-1;4;1;0;0;0;0;6;0;1;4;0;0;0;0;1;0;0;0;0;;0;0;1;1;0;0;0;0;0;0;0;0;0;0;0;0;0;0;0;;;;;0;0;0;0;0;0;0;0;0;
465;Basalt Club;466;-1;-1;3;1;0;0;0;0;0;0;1;9;0;0;0;0;0;0;1;0;0;;0;0;1;1;0;0;0;0;0;0;0;0;0;0;0;0;0;0;0;;;;;0;1;0;0;0;0;0;0;0;
466;Apotropaic Sword;467;1;1;3;1;0;0;0;0;0;0;0;8;0;0;0;0;0;1;0;0;0;;0;0;1;0;0;0;0;0;1;0;0;0;0;0;0;0;0;0;0;;;;;0;0;0;0;0;0;0;0;0;
467;Apotropaic Trident;468;0;0;4;1;0;0;468;0;0;0;0;10;0;0;0;0;1;0;0;0;0;;0;0;1;1;0;0;0;0;0;0;0;0;0;0;0;0;0;0;0;;;;;0;0;0;0;0;0;0;0;0;
468;Halt Demon;469;0;0;0;1;0;0;0;0;0;0;0;5;0;1;1;0;0;0;0;0;0;;0;0;1;0;0;0;1;0;0;0;0;0;0;0;0;0;0;0;0;;;;;0;0;0;0;0;1;1;0;0;
469;Ancestor Sword;470;3;3;3;1;0;0;440;0;0;0;1;9;0;0;0;0;0;1;0;0;0;;0;0;1;1;0;0;0;0;0;0;0;0;0;0;0;0;0;0;0;;;;;0;0;0;0;0;0;0;0;0;
470;Spirit Club;471;1;0;2;1;0;0;0;0;0;0;0;6;0;0;0;0;0;0;1;0;0;;0;0;1;1;0;0;0;0;0;0;0;0;0;0;0;0;0;0;0;;;;;0;0;0;0;0;0;0;0;0;
471;Boulder;472;0;0;0;1;15;5;0;0;0;0;0;25;0;0;1;0;0;0;1;0;0;;0;0;0;1;0;0;0;0;0;0;0;0;0;0;0;0;0;0;0;;;100;1;0;0;0;0;0;0;0;0;0;
472;Flame Sword;473;3;1;2;1;0;0;0;171;0;0;0;12;0;0;0;0;0;1;0;0;0;;0;0;1;1;0;0;0;0;0;0;0;0;0;0;0;0;0;0;0;;;;;0;0;0;0;0;0;0;0;0;
473;Golden Spear;474;1;0;4;1;0;0;0;0;5;0;0;5;0;0;0;0;1;0;0;0;0;;0;0;1;1;0;0;0;0;0;0;0;0;0;0;0;0;0;0;0;;;;;0;0;0;0;0;0;0;0;0;
474;Golden Sword;475;1;1;1;1;0;0;0;0;8;0;0;7;0;0;0;0;0;1;0;0;0;;0;0;1;1;0;0;0;0;0;0;0;0;0;0;0;0;0;0;0;;;;;0;0;0;0;0;0;0;0;0;
475;Golden Lance;476;1;0;4;1;0;0;0;0;5;0;0;5;0;0;0;0;1;0;0;0;0;;0;0;1;1;0;0;0;0;0;0;0;0;0;0;0;1;0;0;0;;;;;0;0;0;0;0;0;0;0;0;
476;Moon Blade;477;2;0;2;1;0;0;0;0;0;0;0;8;0;0;0;0;0;1;0;0;0;;0;0;1;0;0;0;0;0;0;0;1;0;0;0;0;0;0;0;0;;;;;0;0;0;0;0;0;0;0;0;
477;Unholy Sword;478;3;1;3;1;0;0;480;0;0;0;0;6;0;0;0;0;0;1;0;0;0;;0;0;1;1;0;0;0;0;0;0;0;0;0;0;0;0;0;0;0;;;;;0;0;0;0;0;0;0;0;0;
478;Unholy Spear;479;3;0;4;1;0;0;480;0;0;0;0;3;0;0;0;0;1;0;0;0;0;;0;0;1;1;0;0;0;0;0;0;0;0;0;0;0;0;0;0;0;;;;;0;0;0;0;0;0;0;0;0;
479;Unholy Axe;480;3;-1;2;1;0;0;480;0;0;0;0;7;0;0;0;0;0;1;0;0;0;;0;0;1;1;0;0;0;0;0;0;0;0;0;0;0;0;0;0;0;;;;;0;0;0;0;0;0;0;0;0;
480;Halt Sacred;481;0;0;0;1;0;0;0;0;0;0;0;5;0;1;1;0;0;0;0;0;0;;0;0;1;0;0;0;1;0;0;0;0;0;0;0;0;0;0;0;0;;;;;0;0;0;0;0;0;1;1;0;
481;Touch of Madness;482;-3;0;0;0;0;0;156;0;0;0;0;-3;0;0;0;0;0;0;0;0;0;;0;0;1;1;0;0;0;0;0;0;0;0;0;0;0;0;0;0;0;;;;;0;0;0;0;0;0;1;0;0;
482;Spectral Club;483;0;0;1;1;0;0;0;0;0;0;0;4;0;0;0;0;0;0;1;0;0;;0;0;1;1;0;0;0;0;0;0;0;0;0;0;0;0;0;0;0;;;;;0;0;0;0;0;0;1;0;0;
483;Gae Bulga;484;2;0;0;1;-1;1;453;0;1;0;0;10;0;0;0;0;1;0;0;0;0;;0;0;1;1;0;0;0;0;0;0;0;0;0;0;0;0;1;0;0;;;110;1;0;0;0;0;0;0;0;0;0;
484;Wail of Doom;485;100;0;0;1;50;1;0;0;0;0;0;2;0;0;1;0;0;0;0;0;0;;0;0;1;0;0;0;0;0;0;0;0;0;0;0;0;0;1;0;0;;;;;0;0;0;0;0;0;0;0;0;
485;Fomorian Bronze Spear;486;0;0;5;1;0;0;0;0;1;0;0;3;0;0;0;0;1;0;0;0;0;;0;0;0;1;0;0;0;0;0;0;0;0;0;0;0;0;0;0;0;;;;;0;0;0;0;0;0;0;0;0;
486;Gae Assail;487;0;1;6;1;0;0;0;171;0;1;0;16;0;0;1;0;1;0;0;0;0;;0;0;1;1;0;0;0;0;0;0;0;0;0;0;0;0;0;0;0;;;;;0;0;0;0;0;0;0;0;0;
487;Spear of the Morrigan;488;3;2;4;1;0;0;64;0;5;0;0;6;0;0;0;0;1;0;0;0;0;;0;0;1;0;0;0;0;0;0;0;0;0;0;0;0;0;0;0;0;;;;;0;0;0;0;1;0;0;0;0;
488;Great Head;489;1;0;0;1;0;0;51;0;0;1;0;0;0;0;0;0;1;0;0;0;0;;0;0;0;1;0;0;0;0;0;0;0;0;0;0;0;0;0;0;0;;;;;0;0;0;0;0;0;0;0;0;
489;Immortal Head;490;1;0;0;1;0;0;52;0;0;1;0;3;0;0;0;0;1;0;0;0;0;;0;0;0;1;0;0;0;0;0;0;0;0;0;0;0;0;0;0;0;;;;;0;0;0;0;0;0;0;0;0;
490;Lesser Head;491;0;0;0;1;0;0;50;0;0;1;0;-3;0;0;0;0;1;0;0;0;0;;0;0;0;1;0;0;0;0;0;0;0;0;0;0;0;0;0;0;0;;;;;0;0;0;0;0;0;0;0;0;
491;Lesser Heads;492;0;0;0;2;0;0;50;0;0;1;0;-3;0;0;0;0;1;0;0;0;0;;0;0;0;1;0;0;0;0;0;0;0;0;0;0;0;0;0;0;0;;;;;0;0;0;0;0;0;0;0;0;
492;Rainbow;493;2;0;0;1;20;10;0;333;0;0;0;12;0;1;1;0;1;0;0;0;0;;0;0;1;1;0;0;0;0;0;0;0;0;0;0;0;0;0;0;0;;;111;1;0;0;0;0;0;0;0;0;0;
493;Sickle Staff;494;0;1;4;1;0;0;0;0;2;0;1;6;0;0;0;0;0;1;0;0;0;;0;0;0;1;0;0;0;0;0;0;0;0;0;0;0;0;0;0;0;;;;;1;0;0;0;0;0;0;0;0;
494;Poisonous Bite;495;1;0;3;1;0;0;53;0;0;1;0;15;0;0;1;0;0;1;0;0;0;;0;0;0;1;0;0;0;0;0;0;0;0;0;0;0;0;0;0;0;;;;;0;0;0;0;0;0;0;0;0;
495;Poisonous Bite;496;0;-1;3;1;0;0;53;0;0;1;0;2;0;0;0;0;0;1;0;0;0;;0;0;0;1;0;0;0;0;0;0;0;0;0;0;0;0;0;0;0;;;;;0;0;0;0;0;0;0;0;0;
496;Sacred Pitcher;497;0;0;1;1;0;1;0;497;0;0;0;1;0;0;0;0;0;0;0;0;0;;0;0;1;0;0;0;0;0;0;1;0;0;0;0;0;0;1;0;0;;;;;0;0;0;0;0;0;0;0;0;
497;Sacred Water;498;0;0;0;1;0;0;0;0;0;0;0;5;0;1;1;1;0;0;0;0;0;;0;0;1;0;0;0;0;0;0;1;0;0;0;0;0;0;0;0;0;;;;;0;0;0;0;0;1;0;0;0;
498;Twig;499;0;0;1;1;0;0;0;0;0;0;0;-3;0;0;0;0;0;0;1;0;0;;0;0;0;0;1;0;0;0;0;0;0;0;0;0;0;0;0;0;0;;;;;0;1;0;0;0;0;0;0;0;
499;Pestle;500;-1;0;0;1;0;0;0;0;0;0;0;1;0;0;0;0;0;0;1;0;0;;0;0;0;1;0;0;0;0;0;0;0;0;0;0;0;0;0;0;0;;;;;0;0;0;0;0;0;0;0;0;
500;Poison Darts;501;0;0;0;2;-1;6;54;0;1;0;0;0;0;0;0;0;1;0;0;0;0;;0;0;0;0;1;0;0;0;0;0;0;0;0;0;0;0;0;0;0;;;441;1;0;0;0;0;0;0;0;0;0;
501;Bamboo Rod;502;1;2;2;1;0;0;0;0;0;0;0;1;0;0;0;0;0;0;1;0;0;;0;0;0;1;0;0;0;0;0;0;0;0;0;0;0;0;0;0;0;;;;;0;0;0;0;0;0;0;0;0;
502;Yak Tail Fly Whisk;503;0;0;1;1;0;0;0;0;1;0;0;-2;0;0;0;0;0;0;1;0;0;;0;0;0;0;1;0;0;0;0;0;0;0;0;0;0;0;0;0;0;;;;;0;1;0;0;0;0;0;0;0;
503;Theft of Strength;504;100;0;0;1;50;30;0;285;0;1;0;0;0;1;0;3;0;0;0;0;0;;0;0;1;1;0;0;0;0;0;0;0;0;0;0;0;0;0;0;0;;;;;0;0;0;0;0;0;1;0;0;
504;Gaze of Death;505;100;0;0;1;50;30;0;0;0;1;0;25;0;1;1;5;0;0;0;0;0;;0;0;1;1;0;0;0;0;0;0;0;0;0;1;0;0;0;0;0;;;;;0;0;0;0;0;0;1;0;0;
505;Devour;506;0;0;0;1;0;0;0;0;0;1;0;0;0;0;1;1;0;0;0;0;0;;0;0;1;0;0;0;0;0;0;0;0;0;0;0;0;0;0;0;0;;;;;0;0;0;0;0;0;0;0;0;
506;Plague Scythe;507;1;-2;4;1;0;0;143;0;0;0;1;10;0;0;0;0;0;1;0;0;0;;0;0;1;1;0;0;0;0;0;0;0;0;0;0;0;0;0;0;0;;;;;0;0;0;0;0;0;0;0;0;
507;Giant Pestle;508;-1;-1;0;1;0;0;0;0;0;0;0;9;0;0;0;0;0;0;1;0;0;;0;0;1;1;0;0;0;0;0;0;0;0;0;0;0;0;0;0;0;;;;;0;0;0;0;0;0;0;0;0;
508;Black Halberd;509;0;-1;4;1;0;0;0;509;9;0;1;11;0;0;0;0;1;1;0;0;0;;0;0;1;1;0;0;0;0;0;0;0;0;0;0;0;0;0;0;0;;;;;0;0;0;0;0;0;0;0;0;
509;Bane of Heresy;510;0;0;0;1;0;0;0;0;0;0;0;15;1;0;1;1;0;0;0;0;0;;0;0;1;0;0;1;0;0;0;0;0;0;0;0;0;0;0;0;0;;;;;0;0;0;0;0;0;0;1;0;
510;Divine Grasp;511;0;0;0;1;0;0;0;509;0;0;0;-2;0;0;0;0;0;0;0;0;0;;0;0;1;0;0;0;0;0;0;0;1;0;0;0;0;0;0;0;0;;;;;0;0;0;0;0;0;0;0;0;
511;Stump;512;-2;-1;0;1;0;0;0;0;0;1;0;-3;0;0;0;0;0;0;1;0;0;;0;0;0;1;0;0;0;0;0;0;0;0;0;0;0;0;0;0;0;;;;;0;0;0;0;0;0;0;0;0;
512;Fossilized Sword;513;0;1;1;1;0;0;0;0;2;0;0;4;0;0;0;0;0;0;1;0;0;;0;0;0;1;0;0;0;0;0;0;0;0;0;0;0;0;0;0;0;;;;;0;0;0;0;0;0;0;0;0;
513;Kopesh;514;0;0;2;1;0;0;0;0;2;0;0;5;0;0;0;0;0;1;0;0;0;;0;0;0;1;0;0;0;0;0;0;0;0;0;0;0;0;0;0;0;;;;;0;0;0;0;0;0;0;0;0;
514;Vitriol Breath;515;0;0;0;1;13;7;0;515;0;0;0;16;1;0;1;1;0;0;0;0;0;;0;0;1;1;0;0;0;0;0;0;0;0;0;0;0;0;0;0;0;;;10179;0;0;0;0;0;0;0;0;0;0;
515;Corrosion;516;0;0;0;1;0;0;0;0;0;0;0;2048;0;1;1;1;0;0;0;0;0;;0;0;1;0;0;0;0;0;0;0;0;0;0;0;0;0;0;0;0;;;;;0;0;0;0;0;0;0;0;0;
516;Censer;517;-1;-1;2;1;0;0;0;517;2;0;0;1;0;0;0;0;0;0;1;0;0;;0;0;0;1;0;0;0;0;0;0;0;0;0;0;1;0;0;0;0;;;;;0;0;0;0;0;0;0;0;0;
517;Incense;518;0;0;0;1;0;0;0;0;0;0;0;10;0;1;1;1;0;0;0;0;0;;0;0;1;0;0;1;0;0;0;0;0;0;0;0;0;0;0;0;0;;;;;0;0;0;0;0;0;0;0;0;
518;Anakite Sword;519;1;2;3;1;0;0;0;0;6;0;0;8;0;0;0;0;0;1;0;0;0;;0;0;1;1;0;0;0;0;0;0;0;0;0;0;0;0;0;0;0;;;;;0;0;0;0;0;0;0;0;0;
519;Poison Tipped Spear;520;0;0;4;1;0;0;51;0;4;0;0;3;0;0;0;0;1;0;0;0;0;;0;0;0;1;0;0;0;0;0;0;0;0;0;0;0;0;0;0;0;;;;;1;0;0;0;0;0;0;0;0;
520;Dawn Blade;521;2;2;3;1;0;0;0;0;8;0;0;9;0;0;0;0;0;1;0;0;0;;0;0;1;1;0;0;0;0;0;0;0;0;0;0;0;0;0;0;0;;;;;0;0;0;0;0;0;0;0;0;
521;The First Sword;522;7;7;3;1;0;0;0;0;0;0;1;21;1;0;0;0;0;1;0;0;0;;0;0;1;1;0;0;0;0;0;0;0;0;0;0;0;0;0;0;0;;;;;0;0;0;0;0;0;0;0;0;
522;Golden Horns;523;-1;-1;1;1;0;0;0;0;0;1;0;0;0;0;0;0;1;1;0;0;0;;0;0;1;1;0;0;0;0;0;0;0;0;0;0;0;0;0;0;0;;;;;0;0;0;0;0;0;0;0;0;
523;Golden Sickle;524;2;2;1;1;0;0;0;0;2;0;0;7;0;0;0;0;0;1;0;0;0;;0;0;1;1;0;0;0;0;0;0;0;0;0;0;0;0;0;0;0;;;;;0;0;0;0;0;0;0;0;0;
524;Pillar of Laws;525;-3;-5;3;1;0;0;0;411;0;0;1;19;0;0;0;0;0;0;1;0;0;;0;0;1;1;0;0;0;0;0;0;0;0;0;0;0;0;0;0;0;;;;;0;0;0;0;0;0;0;0;0;
525;Gileadite Bow;526;0;0;0;1;50;12;0;0;5;0;1;16;0;0;1;0;1;0;0;0;0;;0;0;0;1;0;0;0;0;0;0;0;0;0;0;0;0;0;0;0;;;109;1;0;1;0;0;0;0;0;0;0;
526;Soul Catcher;527;1;0;4;1;0;0;528;0;0;0;1;10;0;0;0;0;0;0;0;0;0;;0;0;1;1;0;0;0;0;0;0;0;0;0;0;0;0;0;0;0;;;;;0;0;0;0;0;0;0;0;0;
527;Enchanted Katana;528;4;3;2;1;0;0;0;0;7;0;1;7;0;0;0;0;0;1;0;0;0;;0;0;1;1;0;0;0;0;0;0;0;0;0;0;0;0;0;0;0;;;;;1;0;0;0;0;0;0;0;0;
528;Trap Soul;529;0;0;0;0;0;0;0;0;0;0;0;131072;0;0;1;0;0;0;0;0;0;;0;0;1;0;0;0;0;0;0;0;0;0;0;0;0;0;0;0;0;;;;;0;0;0;0;0;0;1;0;0;
529;Ghost Rending Claw;530;0;0;0;1;0;0;460;0;0;0;0;0;0;0;0;0;0;1;0;0;0;;0;0;1;1;0;0;0;0;0;0;0;0;0;0;0;0;0;0;0;;;;;0;0;0;0;0;0;0;0;0;
530;Enchanted Net;531;0;0;4;1;0;1;0;0;1;1;0;536870912;0;0;1;0;0;0;0;0;0;;0;0;1;0;0;0;0;0;0;0;0;0;0;0;0;0;1;1;0;;;;;0;0;0;0;0;0;0;0;1;
531;Mighty Yari;532;1;0;5;1;0;0;0;0;1;0;1;7;0;0;0;0;1;0;0;0;0;;0;0;1;1;0;0;0;0;0;0;0;0;0;0;0;0;0;0;0;;;;;1;0;0;0;0;0;0;0;0;
532;Tail Sweep;533;0;0;0;1;0;0;0;0;0;1;0;-5;0;0;0;1;0;0;1;0;0;;0;0;0;1;0;0;0;0;0;0;0;0;0;0;0;0;0;0;0;;;;;0;0;0;0;0;0;0;0;0;
533;Dragon Fire;534;0;0;0;1;-3;4;0;0;0;0;0;0;1;0;0;2;0;0;0;1;0;;0;0;1;1;0;0;0;0;0;0;0;0;0;0;0;0;0;0;0;;;;;0;0;0;0;0;0;0;0;0;
534;Dragon Frost;535;0;0;0;1;-3;5;0;0;0;0;0;-10;1;0;0;4;0;0;0;0;1;;0;0;1;1;0;0;0;0;0;0;0;0;0;0;0;0;0;0;0;;;;;0;0;0;0;0;0;0;0;0;
535;Dragon Gas;536;0;0;0;1;-3;6;0;0;0;0;0;-10;0;1;0;6;0;0;0;0;0;;0;0;1;0;0;0;0;1;0;0;0;0;0;0;0;0;0;0;0;;;;;0;0;0;0;0;0;0;0;0;
536;Mind Blast;537;100;0;0;1;100;10;293;0;0;1;0;12;0;1;1;0;0;0;0;0;0;;0;0;1;0;0;0;1;0;0;0;0;0;0;1;0;0;0;0;0;;;;;0;0;0;0;0;0;1;0;0;
537;Flick Barbs;538;-4;0;0;3;-1;3;51;0;1;0;0;10;0;0;1;0;1;0;0;0;0;;0;0;0;1;0;0;0;0;0;0;0;0;0;0;0;0;0;0;0;;;441;1;0;0;0;0;0;0;0;0;0;
538;Head Butt;539;-4;-4;0;1;0;0;0;0;0;0;0;-4;0;0;0;0;0;0;1;0;0;;0;0;0;1;0;0;0;0;0;0;0;0;0;0;0;0;0;0;0;;;;;0;0;0;0;0;0;0;0;0;
539;Copper Feathers;540;0;0;6;1;0;1;0;0;5;1;0;8;0;0;1;1;1;0;0;0;0;;0;0;0;1;0;0;0;0;0;0;0;0;0;0;0;0;1;1;0;;;;;1;0;0;0;0;0;0;0;0;
540;The Staff from the Sun;541;3;3;4;1;0;0;0;541;0;0;1;4;0;0;0;0;0;0;1;0;0;;0;0;1;1;0;0;0;0;0;0;0;0;0;0;0;0;0;0;0;;;;;0;0;0;0;0;0;0;0;0;
541;Area Fire;542;0;0;0;1;0;0;0;0;0;0;0;14;1;0;1;3;0;0;0;1;0;;0;0;1;1;0;0;0;0;0;0;0;0;0;0;0;0;0;0;0;;;;;0;0;0;0;0;0;0;0;0;
542;Acid;543;0;0;0;1;0;0;0;0;0;0;0;10;1;0;1;0;0;0;0;0;0;;0;1;1;1;0;0;0;0;0;0;0;0;0;0;1;0;0;0;0;;;;;0;0;0;0;0;0;0;0;0;
543;Slap;544;0;0;0;1;0;0;544;0;0;0;0;1;0;1;1;0;0;0;0;0;0;;0;0;1;0;1;0;0;0;0;0;0;0;0;0;0;0;0;0;0;;;;;0;0;0;0;0;0;0;0;0;
544;Shrink;545;0;0;0;1;0;0;0;0;0;0;0;4294967296;0;1;1;0;0;0;0;0;0;;0;0;1;0;0;0;0;0;0;0;0;0;0;0;0;0;0;0;0;;;;;0;0;0;0;0;0;1;0;0;
545;Slap;546;0;0;0;1;0;0;544;0;0;0;0;1;0;1;1;0;0;0;0;0;0;;0;0;1;0;1;0;0;0;0;0;0;0;0;0;0;0;0;0;0;;;;;0;0;0;0;0;0;0;0;0;
546;Boulder;547;0;0;0;1;-3;15;0;0;0;0;0;8;0;0;0;0;0;0;1;0;0;;0;0;1;1;0;0;0;0;0;0;0;0;0;0;0;0;0;0;0;;;100;1;0;0;0;0;0;0;0;0;0;
547;Buff;548;0;0;0;1;0;0;0;0;0;0;0;-5;0;0;0;0;0;0;1;0;0;;0;0;0;1;0;0;0;0;0;0;0;0;0;0;0;0;0;0;0;;;;;0;0;0;0;0;0;0;0;0;
548;Eyecatcher;549;-2;0;0;1;0;0;333;0;0;0;0;-5;0;1;0;0;1;0;0;0;0;;0;0;1;1;0;0;0;0;0;0;0;0;0;0;0;0;0;0;0;;;;;0;0;0;0;0;0;0;0;0;
549;Mantis Claw;550;0;0;0;1;0;0;0;0;0;0;0;0;0;0;0;0;1;0;0;0;0;;0;0;1;1;0;0;0;0;0;0;0;0;0;0;0;0;0;0;0;;;;;0;0;0;0;0;0;0;0;0;
550;Weakness Tentacle;551;0;0;0;1;0;0;285;0;0;0;0;-5;1;0;0;0;0;0;0;0;0;;0;0;1;1;0;0;0;0;0;0;0;0;0;0;0;0;0;0;0;;;;;0;0;0;0;0;0;0;0;0;
551;Soul Rending Claw;552;0;0;0;1;0;0;0;552;0;0;0;0;0;0;0;0;0;1;0;0;0;;0;0;1;1;0;0;0;0;0;0;0;0;0;0;0;0;0;0;0;;;;;0;0;0;0;0;0;0;0;0;
552;Soul Rend;553;0;0;0;1;0;0;367;0;0;0;0;0;0;1;0;0;0;0;0;0;0;;0;0;1;1;0;0;0;0;0;0;0;0;0;1;0;0;0;0;0;;;;;0;0;0;0;0;0;0;0;0;
553;Rock;554;-1;-1;0;1;0;0;0;0;0;0;0;0;0;0;0;0;0;0;1;0;0;;0;0;0;1;0;0;0;0;0;0;0;0;0;0;0;0;0;0;0;;;;;0;0;0;0;0;0;0;0;0;
554;Lictor Axe;555;2;0;2;1;0;0;460;0;0;0;1;10;0;0;0;0;0;1;0;0;0;;0;0;1;1;0;0;0;0;0;0;0;0;0;0;0;0;0;0;0;;;;;0;0;0;0;0;0;0;0;0;
555;Dawn Fang;556;2;2;3;1;0;0;0;0;0;0;0;8;0;0;0;0;0;1;0;0;0;;0;0;1;0;0;0;0;0;0;1;0;0;0;0;0;0;0;0;0;;;;;0;0;0;0;0;0;0;0;0;
556;Belly Maw;557;0;0;0;1;0;0;0;0;0;1;0;5;0;0;0;0;0;1;0;0;0;;0;0;1;0;0;0;0;0;0;0;0;1;0;0;0;0;0;0;0;;;;;0;0;0;0;0;0;0;0;0;
557;Stinger;558;0;0;3;1;0;0;52;0;0;1;0;0;1;0;0;0;1;0;0;0;0;;0;0;1;1;0;0;0;0;0;0;0;0;0;0;0;0;0;0;0;;;;;0;0;0;0;0;0;0;0;0;
558;Distorted Claw;559;0;0;0;1;0;0;0;0;0;0;0;0;0;1;0;0;0;1;0;0;0;;0;0;1;1;0;0;0;0;0;0;0;0;0;0;0;0;0;0;0;;;;;0;0;0;0;0;0;0;0;0;
559;Brass Claw;560;0;0;0;1;0;0;0;232;0;0;0;0;0;0;0;0;0;1;0;0;0;;0;0;1;1;0;0;0;0;0;0;0;0;0;0;0;0;0;0;0;;;;;0;0;0;0;0;0;0;0;0;
560;Venomous Bite;561;0;-1;0;1;0;0;51;0;0;1;0;2;0;0;0;0;0;1;0;0;0;;0;0;1;1;0;0;0;0;0;0;0;0;0;0;0;0;0;0;0;;;;;0;0;0;0;0;0;0;0;0;
561;Gore Tide;562;0;0;0;1;0;0;0;0;0;0;0;0;0;1;0;1;0;0;0;0;0;;0;0;1;1;0;0;0;0;0;0;0;0;0;0;0;0;0;0;0;;;;;0;0;0;0;0;0;1;0;0;
562;Stone Fist;563;-1;-1;0;1;0;0;0;0;0;0;0;0;0;0;0;0;0;0;1;0;0;;0;0;0;1;0;0;0;0;0;0;0;0;0;0;0;0;0;0;0;;;;;0;0;0;0;0;0;0;0;0;
563;Spirit Club;564;1;0;3;1;0;0;564;0;7;0;1;9;0;0;0;0;0;0;1;0;0;;0;0;1;1;0;0;0;0;0;0;0;0;0;0;0;0;0;0;0;;;;;0;0;0;0;0;0;0;0;0;
564;Stunning Blow;565;0;0;0;1;0;0;0;0;0;0;0;20;0;1;0;0;0;0;0;0;0;;0;0;1;0;0;0;0;0;0;0;0;0;0;0;0;0;0;0;0;;;;;0;0;0;0;0;0;0;0;0;
565;Golden Arbalest;566;10;0;0;2;50;12;0;0;0;0;1;18;1;0;1;0;1;0;0;0;0;;0;0;1;1;0;0;0;0;0;0;0;0;0;0;0;0;0;0;0;;;109;1;0;0;0;0;0;0;0;0;0;
566;Ivory Bow;567;2;0;0;3;45;12;64;0;0;0;1;15;1;0;1;0;1;0;0;0;0;;0;0;1;0;0;0;0;0;0;0;0;0;0;0;0;0;0;0;1;;;274;4;0;0;0;0;0;0;0;0;0;
567;Drake Fire;568;0;0;0;1;6;4;0;0;0;0;0;0;1;0;0;1;0;0;0;1;0;;0;0;1;1;0;0;0;0;0;0;0;0;0;0;0;0;0;0;0;;;;;0;0;0;0;0;0;0;0;0;
568;Drake Frost;569;0;0;0;1;6;5;0;0;0;0;0;-10;1;0;0;2;0;0;0;0;1;;0;0;1;1;0;0;0;0;0;0;0;0;0;0;0;0;0;0;0;;;;;0;0;0;0;0;0;0;0;0;
569;Drake Gas;570;0;0;0;1;5;6;0;0;0;0;0;-10;0;1;0;3;0;0;0;0;0;;0;0;1;0;0;0;0;1;0;0;0;0;0;0;0;0;0;0;0;;;;;0;0;0;0;0;0;0;0;0;
570;Carmine Cleaver;571;4;2;3;1;0;0;571;0;0;0;1;18;1;0;0;0;0;1;0;0;0;;0;0;1;1;0;0;0;0;0;0;0;0;0;0;0;0;0;0;0;;;;;0;0;0;0;0;0;0;0;0;
571;Burn Flesh;572;0;0;0;1;0;0;0;0;0;0;0;20;1;0;1;0;0;0;0;1;0;;0;0;1;1;0;0;0;0;0;0;0;0;0;0;0;0;0;0;0;;;;;0;0;0;0;0;0;0;0;0;
572;Spectral Long Spear;573;0;-1;5;1;0;0;0;0;0;0;0;3;0;0;0;0;1;0;0;0;0;;0;0;1;1;0;0;0;0;0;0;0;0;0;0;0;0;0;0;0;;;;;0;0;0;0;0;0;1;0;0;
573;Poisonous Gore;574;-1;-1;0;1;0;0;51;0;0;1;0;0;0;0;0;0;0;1;0;0;0;;0;0;0;1;0;0;0;0;0;0;0;0;0;0;0;0;0;0;0;;;;;0;0;0;0;0;0;0;0;0;
574;Shatterfist;575;0;0;0;1;0;0;0;328;0;0;0;0;0;0;0;0;0;0;1;0;0;;0;0;1;1;0;0;0;0;0;0;0;0;0;0;0;0;0;0;0;;;;;0;0;0;0;0;0;0;0;0;
575;Tiny Slap;576;0;0;0;1;0;0;0;0;0;1;0;0;0;0;0;0;0;0;1;0;0;;0;0;0;0;1;0;0;0;0;0;0;0;0;0;0;0;0;0;0;;;;;0;0;0;0;0;0;0;0;0;
576;Weak Bite;577;0;0;0;1;0;0;0;0;0;1;0;0;0;0;0;0;0;1;0;0;0;;0;0;0;0;1;0;0;0;0;0;0;0;0;0;0;0;0;0;0;;;;;0;0;0;0;0;0;0;0;0;
577;Coral Lance;578;0;0;4;1;0;0;50;0;1;0;0;2;0;0;0;0;1;0;0;0;0;;0;0;0;1;0;0;0;0;0;0;0;0;0;0;0;1;0;0;0;;;;;0;0;0;0;0;0;0;0;0;
578;Tiny Sting;579;0;0;0;1;0;0;50;0;0;1;0;0;1;0;0;0;1;0;0;0;0;;0;0;0;0;1;0;0;0;0;0;0;0;0;0;0;0;0;0;0;;;;;0;0;0;0;0;0;0;0;0;
579;Skull Club;580;1;0;2;1;0;0;0;0;0;0;0;6;0;0;0;0;0;0;1;0;0;;0;0;1;1;0;0;0;0;0;0;0;0;0;0;0;0;0;0;0;;;;;0;0;0;0;0;0;0;0;0;
580;Coral Long Spear;581;0;-1;5;1;0;0;50;0;2;0;0;2;0;0;0;0;1;0;0;0;0;;0;0;0;1;0;0;0;0;0;0;0;0;0;0;0;0;0;0;0;;;;;0;0;0;0;0;0;0;0;0;
581;Bident;582;0;1;4;1;0;0;0;0;2;0;1;7;0;0;0;0;1;0;0;0;0;;0;0;1;1;0;0;0;0;0;0;0;0;0;0;0;0;0;0;0;;;;;1;0;0;0;0;0;0;0;0;
582;Snake Skirt;583;-2;0;0;5;0;0;50;0;0;1;0;-4;0;0;0;0;1;0;0;0;0;;0;0;0;1;0;0;0;0;0;0;0;0;0;0;0;0;0;0;0;;;;;0;0;0;0;0;0;0;0;0;
583;Taloned Kick;584;0;0;0;1;0;0;0;0;0;1;0;1;0;0;0;0;0;1;0;0;0;;0;0;0;1;0;0;0;0;0;0;0;0;0;0;0;0;0;0;0;;;;;0;0;0;0;0;0;0;0;0;
584;Lightning;585;3;0;0;1;30;3;0;0;0;0;0;0;0;1;0;0;0;0;0;0;0;;1;0;1;1;0;0;0;0;0;0;0;0;0;0;0;0;0;0;0;;;210;4;0;0;0;0;0;0;0;0;0;
585;Serpent Club;586;2;0;2;1;0;0;50;0;0;0;0;7;0;0;0;0;1;0;1;0;0;;0;0;1;1;0;0;0;0;0;0;0;0;0;0;0;0;0;0;0;;;;;0;0;0;0;0;0;0;0;0;
586;Venomous Bite;587;0;-1;0;1;0;0;50;0;0;1;0;2;0;0;0;0;0;1;0;0;0;;0;0;1;1;0;0;0;0;0;0;0;0;0;0;0;0;0;0;0;;;;;0;0;0;0;0;0;0;0;0;
587;Torc;588;0;0;1;1;0;0;0;0;0;0;0;0;0;0;0;0;0;0;1;0;0;;0;0;1;1;0;0;0;0;0;0;0;0;0;0;0;0;0;0;0;;;;;0;0;0;0;0;0;0;0;0;
588;Champion's Gladius;589;2;4;1;1;0;0;0;0;0;0;0;8;0;0;0;0;1;1;0;0;0;;0;0;1;1;0;0;0;0;0;0;0;0;0;0;0;0;0;0;0;;;;;0;0;0;0;0;0;0;0;0;
589;Tail Slap;590;-2;0;0;1;0;0;0;0;0;1;0;-5;0;0;0;0;0;0;1;0;0;;0;0;0;1;0;0;0;0;0;0;0;0;0;0;0;0;0;0;0;;;;;0;0;0;0;0;0;0;0;0;
590;Short Pike;591;0;-1;5;1;0;0;0;0;2;0;1;5;0;0;0;0;1;0;0;0;0;;0;0;0;1;0;0;0;0;0;0;0;0;0;0;0;0;0;0;0;;;;;1;0;0;0;0;0;0;0;0;
591;Cod;592;0;0;1;1;0;0;0;0;0;0;0;-3;0;0;0;0;0;0;1;0;0;;0;0;0;0;1;0;0;0;0;0;0;0;0;0;0;0;0;0;0;;;;;0;0;0;0;0;0;0;0;0;
592;Stinger;593;2;0;0;1;0;0;51;0;0;1;0;0;0;0;0;0;1;0;0;0;0;;0;0;0;1;0;0;0;0;0;0;0;0;0;0;0;0;0;0;0;;;;;0;0;0;0;0;0;0;0;0;
593;Spiked Club;594;0;0;1;1;0;0;0;0;0;0;0;4;0;0;0;0;1;0;1;0;0;;0;0;0;1;0;0;0;0;0;0;0;0;0;0;0;0;0;0;0;;;;;0;1;0;0;0;0;0;0;0;
594;Poison Bow;595;1;0;0;1;30;12;50;0;3;0;1;9;0;0;1;0;1;0;0;0;0;;0;0;0;1;0;0;0;0;0;0;0;0;0;0;0;0;0;0;0;;;109;1;0;1;0;0;0;0;0;0;0;
595;Hypnotize;596;100;0;0;1;5;1;0;0;0;1;0;128;0;0;1;0;0;0;0;0;0;;0;0;1;0;0;0;0;0;0;0;0;0;0;1;0;0;1;0;0;;;;;0;0;0;0;0;0;1;0;0;
596;Light Lance;597;1;0;4;1;0;1;0;0;2;1;0;3;0;0;0;0;1;0;0;0;0;;0;0;0;1;0;0;0;0;0;0;0;0;0;0;0;1;1;1;0;;;;;1;0;0;0;0;0;0;0;0;
597;Life Drain;598;2;0;0;1;0;0;0;0;0;1;0;10;1;0;1;0;0;0;0;0;0;;0;0;1;0;0;0;0;0;0;0;0;0;0;0;0;0;0;0;0;;;;;0;0;0;1;0;0;0;0;0;
598;Shard Glaive;599;1;0;4;1;0;0;118;0;8;0;1;10;0;0;0;0;0;1;0;0;0;;0;0;1;1;0;0;0;0;0;0;0;0;0;0;0;0;0;0;0;;;;;0;0;0;0;0;0;0;0;0;
599;Corrosive Spit;600;0;0;0;1;-1;5;0;515;0;1;0;-5;1;0;0;0;0;0;0;0;0;;0;1;0;1;0;0;0;0;0;0;0;0;0;0;0;0;0;0;0;;;214;4;0;0;0;0;0;0;0;0;0;
600;Crab Claw;601;0;0;0;1;0;0;0;0;0;0;0;5;1;0;0;0;0;0;0;0;0;;0;0;0;1;0;0;0;0;0;0;0;0;0;0;0;0;0;0;0;;;;;0;0;0;0;0;0;0;0;0;
601;Cave Fire Bottle;602;-1;0;0;1;-2;1;0;0;0;0;0;10;1;0;1;0;0;0;0;1;0;;0;0;1;1;0;0;0;0;0;0;0;0;0;0;0;0;1;0;0;;;10182;4;0;0;0;0;0;0;0;0;0;
602;Fossilized Hatchet;603;1;0;1;1;0;0;0;0;2;0;0;4;0;0;0;0;0;0;1;0;0;;0;0;0;1;0;0;0;0;0;0;0;0;0;0;0;0;0;0;0;;;;;0;0;0;0;0;0;0;0;0;
603;Corrosive Bite;604;0;-1;0;1;0;0;0;604;0;1;0;2;0;0;0;0;1;0;0;0;0;;0;0;1;1;0;0;0;0;0;0;0;0;0;0;0;0;0;0;0;;;;;0;0;0;0;0;0;0;0;0;
604;Corrosion;605;0;0;0;0;0;0;0;0;0;0;0;2048;0;1;1;1;0;0;0;0;0;;0;0;1;0;0;0;0;0;0;0;0;0;0;0;0;0;0;0;0;;;;;0;0;0;0;0;0;0;0;0;
605;Throw Rocks;606;-2;0;0;1;-1;2;0;0;0;0;0;-3;0;0;0;0;0;0;1;0;0;;0;0;0;1;0;0;0;0;0;0;0;0;0;0;0;0;0;0;0;;;111;1;0;0;0;0;0;0;0;0;0;
606;Frost Bow;607;0;0;0;1;30;12;607;0;5;0;1;9;0;0;1;0;1;0;0;0;0;;0;0;1;1;0;0;0;0;0;0;0;0;0;0;0;0;0;0;0;;;109;0;0;0;0;0;0;0;0;0;0;
607;Freeze;608;0;0;0;0;0;0;0;0;0;0;0;10;0;1;1;0;0;0;0;0;1;;0;0;1;0;0;1;0;0;0;0;0;0;0;0;0;0;0;0;0;;;;;0;0;0;0;0;0;0;0;0;
608;Sword of Oaths;609;1;1;2;1;0;0;0;0;0;0;0;8;0;0;0;0;0;1;0;0;0;;0;0;1;0;0;0;0;0;1;0;0;0;0;0;0;0;0;0;0;;;;;0;0;0;0;0;0;0;0;0;
609;Grab and Swallow;610;0;-2;0;1;0;0;0;0;0;1;0;0;0;0;1;0;0;0;0;0;0;;0;0;0;0;0;0;0;0;0;0;0;0;0;0;0;0;0;0;0;;;;;0;0;0;0;0;0;0;0;0;
610;Sacred Circlet;611;0;0;1;1;0;0;0;0;0;0;0;0;0;0;0;0;0;0;1;0;0;;0;0;1;1;0;0;0;0;0;0;0;0;0;0;0;0;0;0;0;;;;;0;0;0;0;0;0;0;0;0;
611;Ice Spear;612;1;0;4;1;0;0;0;0;2;0;0;3;0;0;0;0;1;0;0;0;0;;0;0;1;1;0;0;0;0;0;0;0;0;0;0;0;0;0;0;0;;;;;0;0;0;0;0;0;0;0;0;
612;Ice Blade;613;1;2;1;1;0;0;0;0;4;0;0;5;0;0;0;0;0;1;0;0;0;;0;0;1;1;0;0;0;0;0;0;0;0;0;0;0;0;0;0;0;;;;;0;0;0;0;0;0;0;0;0;
613;Enchanted Bow;614;2;0;0;1;30;12;0;0;0;0;1;12;0;0;1;0;1;0;0;0;0;;0;0;1;1;0;0;0;0;0;0;0;0;0;0;0;0;0;0;0;;;109;1;0;0;0;0;0;0;0;0;0;
614;Tusk;615;0;0;0;1;0;0;0;0;0;1;0;0;0;0;0;0;1;0;0;0;0;;0;0;0;1;0;0;0;0;0;0;0;0;0;0;0;0;0;0;0;;;;;0;0;0;0;0;0;0;0;0;
615;Hoof;616;0;0;0;1;0;0;0;0;0;1;0;15;0;0;1;0;0;0;1;0;0;;0;0;0;1;0;0;0;0;0;0;0;0;0;0;0;0;0;0;0;;;;;0;0;0;0;0;0;0;0;0;
616;The Bloody Mace;617;5;0;3;1;0;0;564;0;0;0;1;15;1;0;0;0;0;1;0;0;0;;0;0;1;1;0;0;0;0;0;0;0;0;0;0;0;0;0;0;0;;;;;0;0;0;0;0;0;0;0;0;
617;Sun Mace;618;1;0;1;1;0;0;0;0;1;0;0;7;0;0;0;0;0;0;1;0;0;;0;0;1;0;0;0;0;0;0;1;0;0;0;0;0;0;0;0;0;;;;;0;0;0;0;0;0;0;0;0;
618;Sun Spear;619;0;2;4;1;0;0;0;0;0;0;1;11;0;0;0;0;1;1;0;0;0;;0;0;1;0;0;0;0;0;0;1;0;0;0;0;0;0;0;0;0;;;;;0;0;0;0;0;0;0;0;0;
619;Obsidian Dart;620;1;0;0;1;-1;4;0;0;1;0;0;0;0;0;0;0;1;0;0;0;0;;0;0;0;1;0;0;0;0;0;0;0;0;0;0;0;0;0;0;0;;;441;1;0;0;0;0;0;0;0;0;0;
620;Poison Dart;621;1;0;0;1;-1;4;624;0;1;0;0;0;0;0;0;0;1;0;0;0;0;;0;0;0;1;0;0;0;0;0;0;0;0;0;0;0;0;0;0;0;;;441;1;0;0;0;0;0;0;0;0;0;
621;Obsidian Shard Blade;622;2;1;3;1;0;0;0;0;9;0;1;9;0;0;0;0;0;1;0;0;0;;0;0;1;1;0;0;0;0;0;0;0;0;0;0;0;0;0;0;0;;;;;0;0;0;0;0;0;0;0;0;
622;Maddening Rage;623;0;0;0;1;0;0;0;0;0;0;0;128;0;0;1;0;0;0;0;0;0;;0;0;1;0;0;0;0;0;0;0;0;0;0;0;0;0;0;0;0;;;;;0;0;0;0;0;0;0;0;0;
623;Poisoned Obsidian Blade;624;1;0;2;1;0;0;624;0;7;0;0;7;0;0;0;0;0;1;0;0;0;;0;0;1;1;0;0;0;0;0;0;0;0;0;0;0;0;0;0;0;;;;;0;0;0;0;0;0;0;0;0;
624;Paralyzing Poison;625;0;0;0;1;0;0;0;0;0;0;0;25;0;1;1;0;0;0;0;0;0;;0;0;0;0;0;0;0;0;0;0;0;0;0;0;0;0;0;0;0;;;;;0;0;0;0;0;0;0;0;0;
625;Obsidian Blade;626;1;0;2;1;0;0;0;0;7;0;0;7;0;0;0;0;0;1;0;0;0;;0;0;1;1;0;0;0;0;0;0;0;0;0;0;0;0;0;0;0;;;;;0;0;0;0;0;0;0;0;0;
626;Thunder Axe;627;2;0;2;1;0;0;0;232;0;0;0;9;0;0;0;0;0;1;0;0;0;;0;0;1;1;0;0;0;0;0;0;0;0;0;0;0;0;0;0;0;;;;;0;0;0;0;0;0;0;0;0;
627;Death Blessing Disease;628;0;0;6;1;0;0;0;0;0;0;0;1;0;1;1;0;0;0;0;0;0;;0;0;1;0;0;0;0;0;0;0;0;0;0;0;0;0;0;0;0;;;;;0;0;0;0;0;0;1;0;0;
628;Tentacle;629;0;0;0;1;0;0;0;0;0;0;0;-5;1;0;0;0;0;0;0;0;0;;0;0;0;1;0;0;0;0;0;0;0;0;0;0;0;0;0;0;0;;;;;0;0;0;0;0;0;0;0;0;
629;Sting;630;-3;0;0;1;0;0;51;0;0;1;0;-10;1;0;0;0;1;0;0;0;0;;0;0;0;1;0;0;0;0;0;0;0;0;0;0;0;0;0;0;0;;;;;0;0;0;0;0;0;0;0;0;
630;Ghost Rending Bite;631;0;-1;0;1;0;0;460;0;0;1;0;2;0;0;0;0;0;1;0;0;0;;0;0;1;1;0;0;0;0;0;0;0;0;0;0;0;0;0;0;0;;;;;0;0;0;0;0;0;0;0;0;
631;Serpent Tail;632;0;-1;0;1;0;0;51;0;0;1;0;15;0;0;1;0;1;0;0;0;0;;0;0;0;1;0;0;0;0;0;0;0;0;0;0;0;0;0;0;0;;;;;0;0;0;0;0;0;0;0;0;
632;Serpent Mane;633;-2;0;0;5;0;0;50;0;0;1;0;10;0;0;1;0;1;0;0;0;0;;0;0;0;1;0;0;0;0;0;0;0;0;0;0;0;0;0;0;0;;;;;0;0;0;0;0;0;0;0;0;
633;Obsidian Dart;634;1;0;0;1;-1;4;0;0;1;0;0;12;0;0;1;0;1;0;0;0;0;;0;0;0;1;0;0;0;0;0;0;0;0;0;0;0;0;0;0;0;;;441;1;0;0;0;0;0;0;0;0;0;
634;Antlers;635;-1;0;2;1;0;0;0;0;0;1;0;0;0;0;0;0;0;1;0;0;0;;0;0;0;1;0;0;0;0;0;0;0;0;0;0;0;0;0;0;0;;;;;0;0;0;0;0;0;0;0;0;
635;Magic Lance;636;2;0;4;1;0;0;0;0;1;0;0;5;0;0;0;0;1;0;0;0;0;;0;0;1;1;0;0;0;0;0;0;0;0;0;0;0;1;0;0;0;;;;;1;0;0;0;0;0;0;0;0;
636;Life Drain Tentacle;637;0;0;0;1;0;0;0;0;0;1;0;5;1;0;0;0;0;0;0;0;0;;0;0;1;0;0;0;0;0;0;0;0;0;0;0;0;0;0;0;0;;;;;0;0;0;1;0;0;0;0;0;
637;Tool;638;-1;0;1;1;0;0;0;0;2;0;0;2;0;0;0;0;1;0;1;0;0;;0;0;0;1;0;0;0;0;0;0;0;0;0;0;0;0;0;0;0;;;;;1;0;0;0;0;0;0;0;0;
638;Instrument;639;-1;0;1;1;0;0;0;0;2;0;0;1;0;0;0;0;1;0;0;0;0;;0;0;0;1;0;0;0;0;0;0;0;0;0;0;0;0;0;0;0;;;;;1;0;0;0;0;0;0;0;0;
639;Spetum;640;0;0;4;1;0;0;0;0;2;0;0;7;0;0;0;0;1;0;0;0;0;;0;0;0;1;0;0;0;0;0;0;0;0;0;0;0;0;0;0;0;;;;;1;0;0;0;0;0;0;0;0;
640;Coral Tipped Javelin;641;-2;0;0;1;-1;2;50;0;1;0;0;1;0;0;0;0;1;0;0;0;0;;0;0;0;1;0;0;0;0;0;0;0;0;0;0;0;0;0;0;0;;;110;1;0;1;0;0;0;0;0;0;0;
641;Bronze Trident;642;0;0;4;1;0;0;0;0;3;0;0;7;0;0;0;0;1;0;0;0;0;;0;0;0;1;0;0;0;0;0;0;0;0;0;0;0;0;0;0;0;;;;;0;0;0;0;0;0;0;0;0;
642;Meteoritic Trident;643;0;0;4;1;0;0;0;0;5;0;0;7;0;0;0;0;1;0;0;0;0;;0;0;1;1;0;0;0;0;0;0;0;0;0;0;0;0;0;0;0;;;;;0;0;0;0;0;0;0;0;0;
643;Bronze Spear;644;0;0;4;1;0;0;0;0;1;0;0;3;0;0;0;0;1;0;0;0;0;;0;0;0;1;0;0;0;0;0;0;0;0;0;0;0;0;0;0;0;;;;;0;0;0;0;0;0;0;0;0;
644;Bronze Long Spear;645;0;-1;5;1;0;0;0;0;2;0;0;3;0;0;0;0;1;0;0;0;0;;0;0;0;1;0;0;0;0;0;0;0;0;0;0;0;0;0;0;0;;;;;0;0;0;0;0;0;0;0;0;
645;Bronze Sword;646;0;2;1;1;0;0;0;0;3;0;0;4;0;0;0;0;1;1;0;0;0;;0;0;0;1;0;0;0;0;0;0;0;0;0;0;0;0;0;0;0;;;;;0;0;0;0;0;0;0;0;0;
646;Bronze Hatchet;647;1;0;1;1;0;0;0;0;1;0;0;5;0;0;0;0;0;1;0;0;0;;0;0;0;1;0;0;0;0;0;0;0;0;0;0;0;0;0;0;0;;;;;0;0;0;0;0;0;0;0;0;
647;Spectral Bow;648;0;0;0;1;30;12;0;0;0;0;1;9;0;0;1;0;1;0;0;0;0;;0;0;1;1;0;0;0;0;0;0;0;0;0;0;0;0;0;0;0;;;109;1;0;0;0;0;0;0;1;0;0;
648;Enchanted Hammer;649;1;-1;1;1;0;0;0;0;3;0;0;8;0;0;0;0;1;0;1;0;0;;0;0;1;1;0;0;0;0;0;0;0;0;0;0;0;0;0;0;0;;;;;0;0;0;0;0;0;0;0;0;
649;Crab Claw;650;-2;0;0;1;0;0;0;0;0;1;0;1;1;0;0;0;0;0;0;0;0;;0;0;0;1;0;0;0;0;0;0;0;0;0;0;0;0;0;0;0;;;;;0;0;0;0;0;0;0;0;0;
650;Torch of Unquenchable Flame;651;2;0;2;1;0;0;0;171;2;0;0;4;0;0;0;0;0;0;1;0;0;;0;0;1;1;0;0;0;0;0;0;0;0;0;0;0;0;0;0;0;;;;;0;0;0;0;0;0;0;0;0;
651;Bronze Lance;652;0;0;4;1;0;0;0;0;1;0;0;3;0;0;0;0;1;0;0;0;0;;0;0;0;1;0;0;0;0;0;0;0;0;0;0;0;1;0;0;0;;;;;0;0;0;0;0;0;0;0;0;
652;Flame Sting Tentacles;653;0;0;0;1;0;0;0;0;0;1;0;10;1;0;0;1;0;0;0;1;0;;0;0;1;0;0;0;0;1;0;0;0;0;0;0;0;0;0;1;0;;;;;0;0;0;0;0;0;0;0;0;
653;Anemone Mace;654;2;0;1;1;0;0;0;654;0;0;0;-2;0;0;0;0;0;0;1;0;0;;0;0;1;1;0;0;0;0;0;0;0;0;0;0;0;0;0;0;0;;;;;0;0;0;0;0;0;0;0;0;
654;Anemone Poison;655;0;0;1;1;0;0;655;0;0;0;0;15;1;0;1;0;0;0;0;0;0;;0;0;1;0;0;0;0;1;0;0;0;0;0;0;0;0;0;0;0;;;;;0;0;0;0;0;0;0;0;0;
655;Anemone Paralyze;656;0;0;1;1;0;0;0;0;0;0;0;9;0;1;1;0;0;0;0;0;0;;0;0;1;0;0;0;1;0;0;0;0;0;0;0;0;0;0;0;0;;;;;0;0;0;0;0;0;1;0;0;
656;Jellyberd;657;2;3;4;1;0;0;0;657;0;0;1;0;0;0;0;0;0;0;1;0;0;;0;0;1;1;0;0;0;0;0;0;0;0;0;0;0;0;0;0;0;;;;;0;0;0;0;0;0;0;0;0;
657;Jellyberd Poison;658;0;0;1;1;0;0;0;658;0;0;0;25;1;0;1;1;0;0;0;0;0;;0;0;1;0;0;0;0;1;0;0;0;0;0;0;0;0;0;0;0;;;;;0;0;0;0;0;0;0;0;0;
658;Jellyberd Paralyze;659;0;0;1;1;0;0;0;0;0;0;0;12;0;1;1;1;0;0;0;0;0;;0;0;1;0;0;0;1;0;0;0;0;0;0;0;0;0;0;0;0;;;;;0;0;0;0;0;0;1;0;0;
659;Cockerel Sceptre;660;2;1;1;1;0;0;0;660;0;0;0;6;0;0;0;0;0;0;1;0;0;;0;0;1;0;0;0;0;0;0;1;0;0;0;0;0;0;0;0;0;;;;;0;0;0;0;0;0;0;0;0;
660;Cockerel Blindness;661;0;0;1;1;0;0;0;0;0;0;0;4096;0;0;1;0;0;0;0;0;0;;0;0;1;0;0;0;0;0;0;0;0;0;0;0;0;0;0;0;0;;;;;0;0;0;0;0;0;1;0;0;
661;Mercybrand;662;1;1;1;1;0;0;662;0;0;0;0;7;0;0;0;0;0;0;1;0;0;;0;0;1;1;0;0;0;0;0;0;0;0;0;0;0;0;0;0;0;;;;;0;0;0;0;0;0;0;0;0;
662;Mercybrand Fire;663;1;1;1;1;0;0;0;0;0;0;0;20;0;1;1;0;0;0;0;1;0;;0;0;1;0;0;1;0;0;0;0;0;0;0;0;0;0;0;0;0;;;;;0;0;0;0;0;0;0;0;0;
663;Rudder;664;2;-1;4;1;0;0;0;0;0;0;1;6;0;0;0;0;0;0;1;0;0;;0;0;0;1;0;0;0;0;0;0;0;0;0;0;0;0;0;0;0;;;;;0;1;0;0;0;0;0;0;0;
664;Sistrum;665;1;0;1;1;0;0;0;0;0;0;0;0;0;0;0;0;0;0;1;0;0;;0;0;0;1;0;0;0;0;0;0;0;0;0;0;0;0;0;0;0;;;;;0;0;0;0;0;0;0;0;0;
665;Pearl Blade;666;0;2;1;1;0;0;0;0;4;0;0;5;0;0;0;0;1;1;0;0;0;;0;0;1;1;0;0;0;0;0;0;0;0;0;0;0;0;0;0;0;;;;;0;0;0;0;0;0;0;0;0;
666;Torch;667;0;0;1;1;0;0;0;216;1;0;0;3;0;0;0;0;0;0;1;0;0;;0;0;0;1;0;0;0;0;0;0;0;0;0;0;0;0;0;0;0;;;;;0;0;0;0;0;0;0;0;0;
667;Extinguished Torch;668;0;0;1;1;0;0;0;0;1;0;0;3;0;0;0;0;0;0;1;0;0;;0;0;0;1;0;0;0;0;0;0;0;0;0;0;0;0;0;0;0;;;;;0;0;0;0;0;0;0;0;0;
